Workbook

Sheet Amazon.com _ gaming laptops_dat
A1: Title | B1: Brand Name | C1: Laptop Model | D1: Laptop Category | E1: Screen Size (Inches) | F1: Processor | G1: RAM (GB) | H1: Storage (GB) | I1: Operating System | J1: Graphics | K1: GPU Model | L1: Display Resolution | M1: Display Type | N1: Refresh Rate (Hz) | O1: CPU Speed | P1: Color | Q1: Features | R1: Connectivity | S1: Rating(0-5) | T1: Reviewers | U1: Discounted Price (PKR) | V1: Full Price (PKR) | W1: Discount Percentage(%) | X1: Discount Status | Y1: Delivery Charges (PKR) | Z1: Minimum Delivery Date | AB1: image url | AC1: Title_URL
A2: ASUS ROG Strix G16 (2025) Gaming Laptop, 16" FHD+ 16:10 165Hz/3ms, NVIDIA® GeForce RTX™ 5060, Intel® Core™ i7 Processor 14650HX, 16GB DDR5, 1TB Gen 4 SSD, Wi-Fi 7, Windows 11 Home, G615JMR-AS74 | B2: ASUS | C2: ROG Strix G16 | D2: =IF(OR(ISNUMBER(SEARCH("charger",A2)),ISNUMBER(SEARCH("cable",A2)),ISNUMBER(SEARCH("adapter",A2)),ISNUMBER(SEARCH("dock",A2)),ISNUMBER(SEARCH("replacement",A2))),"Accessory / Other",IF(OR(J2="Dedicated",ISNUMBER(SEARCH("rtx",J2&" "&K2)),ISNUMBER(SEARCH("gtx",J2&" "&K2)),ISNUMBER(SEARCH("rx 5",J2&" "&K2)),ISNUMBER(SEARCH("rx 6",J2&" "&K2)),ISNUMBER(SEARCH("rx 7",J2&" "&K2)),ISNUMBER(SEARCH("rx 8",J2&" "&K2)),ISNUMBER(SEARCH("rx 9",J2&" "&K2)),AND(IFERROR(N2>=120,FALSE),ISNUMBER(SEARCH("gaming",A2&" "&C2)))),"Gaming",IF(OR(ISNUMBER(SEARCH("thinkpad",C2)),ISNUMBER(SEARCH("latitude",C2)),ISNUMBER(SEARCH("probook",C2)),ISNUMBER(SEARCH("elitebook",C2)),ISNUMBER(SEARCH("office",A2&" "&Q2)),ISNUMBER(SEARCH("business",A2&" "&Q2)),AND(ISNUMBER(SEARCH("windows 11 pro",I2)),J2="Integrated")),"Office / Business",IF(OR(ISNUMBER(SEARCH("creator",A2&" "&Q2)),ISNUMBER(SEARCH("studio",A2&" "&C2)),ISNUMBER(SEARCH("workstation",A2&" "&C2)),ISNUMBER(SEARCH("precision",A2&" "&C2)),ISNUMBER(SEARCH("zbook",A2&" "&C2))),"Creator / Professional","Normal Use")))) -> Gaming | E2: 16 | F2: Core i7 | G2: 16 | H2: 1000 | I2: Windows 11 Home | J2: Dedicated | K2: NVIDIA GeForce RTX 5060 | L2: FHD | M2: FHD+ | N2: 165 | O2: Not Provided | P2: Eclipse Gray | Q2: ROG Nebula Display | Tri-Fan Technology | R2: Wi-Fi 7 | S2: 4.4 | T2: 589 | U2: 438210.9 | V2: 438210.9 | W2: =((V2-U2)/V2)*100 -> 0 | X2: =IF(W2>0,"Yes","No") -> No | Y2: 25993.47 | Z2: 29-09-2026 | AC2: https://www.amazon.com/ASUS-ROG-Strix-Gaming-Laptop/dp/B0DZZWMB2L/ref=sr_1_1?crid=3LC9VL11Q1Y6Z&dib=eyJ2IjoiMSJ9.U2f6tF7U4FXBlufzzxuXjnv_GdNqW7CiSoYDvSuongDXJWA625NT4G_HcCMR46-_8bO8rQDLwftxYPs9ljScRM_SbL8_cN8VvuCkUgnOvSOoHzDcdKKiOcdz1oG0PnxfJTbvu8TzfUsLExe1ajxbM3g_sTV4ZqFymj-480Or8qxXeNsikJI5RdR6NG_pfV_r6WfgdZpalTD-kYdJcPz9f5qE1Z09Dq84ivovAw8Fsr4.ve32C26LJDBbbUmFYHkl1TTlVlSujzPtZELPqGRBN1w&dib_tag=se&keywords=gaming+laptops&qid=1789819786&sprefix=%2Caps%2C392&sr=8-1
A3: Acer Nitro V 16S AI Gaming Laptop | AMD Ryzen 7 260 Processor | NVIDIA GeForce RTX 5060 Laptop GPU (572 AI Tops) | 16" WUXGA IPS 180Hz Display | 32GB DDR5 | 1TB Gen 4 SSD | Wi-Fi 6 | ANV16S-41-R2AJ | B3: Acer | C3: Acer Nitro V 16S AI | D3: =IF(OR(ISNUMBER(SEARCH("charger",A3)),ISNUMBER(SEARCH("cable",A3)),ISNUMBER(SEARCH("adapter",A3)),ISNUMBER(SEARCH("dock",A3)),ISNUMBER(SEARCH("replacement",A3))),"Accessory / Other",IF(OR(J3="Dedicated",ISNUMBER(SEARCH("rtx",J3&" "&K3)),ISNUMBER(SEARCH("gtx",J3&" "&K3)),ISNUMBER(SEARCH("rx 5",J3&" "&K3)),ISNUMBER(SEARCH("rx 6",J3&" "&K3)),ISNUMBER(SEARCH("rx 7",J3&" "&K3)),ISNUMBER(SEARCH("rx 8",J3&" "&K3)),ISNUMBER(SEARCH("rx 9",J3&" "&K3)),AND(IFERROR(N3>=120,FALSE),ISNUMBER(SEARCH("gaming",A3&" "&C3)))),"Gaming",IF(OR(ISNUMBER(SEARCH("thinkpad",C3)),ISNUMBER(SEARCH("latitude",C3)),ISNUMBER(SEARCH("probook",C3)),ISNUMBER(SEARCH("elitebook",C3)),ISNUMBER(SEARCH("office",A3&" "&Q3)),ISNUMBER(SEARCH("business",A3&" "&Q3)),AND(ISNUMBER(SEARCH("windows 11 pro",I3)),J3="Integrated")),"Office / Business",IF(OR(ISNUMBER(SEARCH("creator",A3&" "&Q3)),ISNUMBER(SEARCH("studio",A3&" "&C3)),ISNUMBER(SEARCH("workstation",A3&" "&C3)),ISNUMBER(SEARCH("precision",A3&" "&C3)),ISNUMBER(SEARCH("zbook",A3&" "&C3))),"Creator / Professional","Normal Use")))) -> Gaming | E3: 16 | F3: Ryzen 7 | G3: 32 | H3: 1000 | I3: Windows 11 Home | J3: Dedicated | K3: NVIDIA GeForce RTX 5060 | L3: WUXGA | M3: WUXGA | N3: 180 | O3: Not Provided | P3: Black | Q3: Backlit Keyboard | Numeric Keypad | R3: Wi-Fi 6 | S3: 4.4 | T3: 341 | U3: 401900.98 | V3: 401900.98 | W3: =((V3-U3)/V3)*100 -> 0 | X3: =IF(W3>0,"Yes","No") -> No | Y3: 22853.08 | Z3: 29-09-2026 | AC3: https://www.amazon.com/Gaming-Processor-GeForce-Display-ANV16S-41-R2AJ/dp/B0F195W823/ref=sr_1_2?crid=3LC9VL11Q1Y6Z&dib=eyJ2IjoiMSJ9.U2f6tF7U4FXBlufzzxuXjnv_GdNqW7CiSoYDvSuongDXJWA625NT4G_HcCMR46-_8bO8rQDLwftxYPs9ljScRM_SbL8_cN8VvuCkUgnOvSOoHzDcdKKiOcdz1oG0PnxfJTbvu8TzfUsLExe1ajxbM3g_sTV4ZqFymj-480Or8qxXeNsikJI5RdR6NG_pfV_r6WfgdZpalTD-kYdJcPz9f5qE1Z09Dq84ivovAw8Fsr4.ve32C26LJDBbbUmFYHkl1TTlVlSujzPtZELPqGRBN1w&dib_tag=se&keywords=gaming+laptops&qid=1789819786&sprefix=%2Caps%2C392&sr=8-2
A4: FUNYET Gaming Laptop,Window 11 Pro Laptop Computer, 15.6 Inch Lap Top PC 2026, AMD Ryzen 7 6800H Processor,24GB DDR5 1TB SSD, FHD Display,WiFi 5,BT5.0,Backlit Keyboard,Office 365 for Business,Work | B4: FUNYET | C4: NY-19 | D4: =IF(OR(ISNUMBER(SEARCH("charger",A4)),ISNUMBER(SEARCH("cable",A4)),ISNUMBER(SEARCH("adapter",A4)),ISNUMBER(SEARCH("dock",A4)),ISNUMBER(SEARCH("replacement",A4))),"Accessory / Other",IF(OR(J4="Dedicated",ISNUMBER(SEARCH("rtx",J4&" "&K4)),ISNUMBER(SEARCH("gtx",J4&" "&K4)),ISNUMBER(SEARCH("rx 5",J4&" "&K4)),ISNUMBER(SEARCH("rx 6",J4&" "&K4)),ISNUMBER(SEARCH("rx 7",J4&" "&K4)),ISNUMBER(SEARCH("rx 8",J4&" "&K4)),ISNUMBER(SEARCH("rx 9",J4&" "&K4)),AND(IFERROR(N4>=120,FALSE),ISNUMBER(SEARCH("gaming",A4&" "&C4)))),"Gaming",IF(OR(ISNUMBER(SEARCH("thinkpad",C4)),ISNUMBER(SEARCH("latitude",C4)),ISNUMBER(SEARCH("probook",C4)),ISNUMBER(SEARCH("elitebook",C4)),ISNUMBER(SEARCH("office",A4&" "&Q4)),ISNUMBER(SEARCH("business",A4&" "&Q4)),AND(ISNUMBER(SEARCH("windows 11 pro",I4)),J4="Integrated")),"Office / Business",IF(OR(ISNUMBER(SEARCH("creator",A4&" "&Q4)),ISNUMBER(SEARCH("studio",A4&" "&C4)),ISNUMBER(SEARCH("workstation",A4&" "&C4)),ISNUMBER(SEARCH("precision",A4&" "&C4)),ISNUMBER(SEARCH("zbook",A4&" "&C4))),"Creator / Professional","Normal Use")))) -> Office / Business | E4: 15.6 | F4: AMD Ryzen 7 6800H Processor | G4: 24 | H4: 24 | I4: Not Provided | J4: Not Provided | K4: Not Provided | L4: FHD | M4: FHD | O4: Not Provided | P4: Not Provided | Q4: Backlit Keyboard | Office 365 | DDR5 | R4: WiFi 5 | S4: 4.4 | T4: 11 | U4: 188476.23 | V4: 235595.98 | W4: =((V4-U4)/V4)*100 -> 20.000235 | X4: =IF(W4>0,"Yes","No") -> Yes | Y4: 19036.38 | Z4: 29-09-2026 | AC4: https://aax-us-east-retail-direct.amazon.com/x/c/JMCHTnhL8umEpbEe6Zu91EEAAAGguZKT-wEAAAH2AQBvbm9fdHhuX2JpZDUgICBvbm9fdHhuX2ltcDIgICDSp6fG/clv1c_ek-YxPHTIsbQDZHyXAN0czJZ7dkYWTHQfUUaNL7cqruFGncTbjpkfliEOcR9kvNTvVUBPapguj3PY9ROEQsgaQ_2Ry8nv82qkGiPYM8bkDvZpnENiqsPdq2-_-wnqpLx1wBjP8D4A0tk0Hy4rqF3fzkVlI9GgBTrhhSwzyt6wA6fGm0ZNOBszNEcl-b_N1nGsC8mdMxjtI9ROB-dt0bZ4JLPjd4-T4lX8If2YPGNbyYraQGxO2J9s5esvhU14A7h5_Yl4EdpIcG6Kr3Kycha2SO70PRA5M8_uBHO7EgwyIsEYUIz4Vjhe-5yLYcqCwLN38I1W8fZ-YCFL6BtUSWO6-b4awLn6t6FMLi9Vex3Sje_s6zFVwJBJPoCrh4tH2Q5RHYFtcHmeWivuZp41r2YCAWg-pcN9FEtEM3PpRUrIVDd8NOE5l1Tmn2cZ9vWdPRN6qFGJu2KaPU29D0vHOEqbHHKGDuvL58o1oe8ccNDurFOT29ZGrbIHPdo1mLzjdnjiQms24r7GJZgb593LDS8jNSt5nSbrjtAdMl5XIsTvBUP3XG4mcEsjPL7jcdUhhZp4Z0jvsynB5BhaAxEMQHoiqtYus2MWm93ol3CqcQPg6J21w8PBMwUSzYj54oIY1dEyg2Jr2QPz23VHj9YcgghGGk-rdUju9wKEPofff_Bc-wG43HXrMctUj64DkKPG0F3-gToJFIyC-ZTy6FSDLm9lDDqTmFOn56B8xvtyeBJQ7h7wwzRYku0-3kiQ8NvRAr33x8ttKaGBMYBftRFs6a2reDRWf-Sk6cE84F7px8izROGYVLqzvxvOMi2I2Dr3P8agJ5NwX2SXshVMCrTX_ADQ6u5l5q3xnkgsxoBc8BB39gco86RK9v4-84G7Cqq3-Wez9zv2GgoI8TEiQnPM6R0ZVpI1QCDinln_91YDU5MEdz3U3JL9oLUBiWK8f5XIaiVp_PYA_eZ90Ip0vpYJTQS3E2-N7oXgQsDMMia9Au_-9aJZuTwmXRPP9zXByseC5qqld5iRsg_oQqUyaHw3_NrB4qtkBxKDxXoIRrDnym-k-pWL6_fQ-B12NR7yZLH1sSKRbSKyzNqrOhZyFXPN03lJ54y2__GO34g6KLA4m_4mEHheO6hNn1oVVCoTJQ3v1uyH_OyJbMlNDBborpbux1kVphgh2Ip4W56T7dOX69MBDPuEk6LpXQ9d1DB4RiHbchDusWH8_fSV87B3nNPPnxts9t24GudJ3e59CMsGsdODcCVIYybQTtkyn9MnUleH926evLedghO2sXNQ3KeFkPjf1g7dVm09R07z4a7Z5AywO9oaFQWNAO3QrUp6de4cSdqlhT6WU7lYza1-qjPLSBKg8xSMhSMTkwMdxI0m0n8aSR-SB2bS0c2jn_BC6y_y4IlrfjDiv7EXgyjAnlg1t6550z0tHc9RGKsDCcTqztoCbbV0PYAPmGoEqwcSUU0GgBitHUsCiR_U94KYwcrJvQJDWMmGFPze4OePIhkVku4LJv2OnORQXVSQUWlTWr-UpRElXjE5bu5JH6ZJALZikM5kypAZMMpvhoK6lZwdNcP3Byvpm5Kf_Q0tBNn1J-7_CeGPrNKe4sRHzoOF6PhGNZ_yay4Ais4Qxfzmh7A1rA2nQiRYJh26shOhsNAIMQJ0O36_RemHxmEoqAE0m3M3n8gqEwoyw/https://www.amazon.com/FUNYET-Computer-Processor-Keyboard-Business/dp/B0H4JHNJ4V/ref=sxin_15_sbv_search_btf?content-id=amzn1.sym.a120b15e-b9f5-458c-b2ab-4fe23ec1befc%3Aamzn1.sym.a120b15e-b9f5-458c-b2ab-4fe23ec1befc&crid=3LC9VL11Q1Y6Z&cv_ct_cx=gaming+laptops&keywords=gaming+laptops&pd_rd_i=B0H4JHNJ4V&pd_rd_r=8add4ce2-b5e2-4bbd-b9a8-49698a5c6944&pd_rd_w=z6Ku0&pd_rd_wg=yoAue&pf_rd_p=a120b15e-b9f5-458c-b2ab-4fe23ec1befc&pf_rd_r=VZB2FV2SMZJTYGFZXGGY&qid=1789819786&sbo=9ZOMT9Jm0JH%2Ft%2BWi68iDSA%3D%3D&sprefix=%2Caps%2C392&sr=1-1-b8f34313-536f-475f-9207-a7c427a641c1
A5: KAIGERR Gaming Laptop, Laptop with AMD Ryzen 7430U(Up to 4.3GHz), 16GB DDR4 512GB SSD Laptop Computer, 1920P FHD Display, WiFi 6, USB3.2, Type_C, Webcam Cover Slide | B5: KAIGERR | C5: LX16PRO | D5: =IF(OR(ISNUMBER(SEARCH("charger",A5)),ISNUMBER(SEARCH("cable",A5)),ISNUMBER(SEARCH("adapter",A5)),ISNUMBER(SEARCH("dock",A5)),ISNUMBER(SEARCH("replacement",A5))),"Accessory / Other",IF(OR(J5="Dedicated",ISNUMBER(SEARCH("rtx",J5&" "&K5)),ISNUMBER(SEARCH("gtx",J5&" "&K5)),ISNUMBER(SEARCH("rx 5",J5&" "&K5)),ISNUMBER(SEARCH("rx 6",J5&" "&K5)),ISNUMBER(SEARCH("rx 7",J5&" "&K5)),ISNUMBER(SEARCH("rx 8",J5&" "&K5)),ISNUMBER(SEARCH("rx 9",J5&" "&K5)),AND(IFERROR(N5>=120,FALSE),ISNUMBER(SEARCH("gaming",A5&" "&C5)))),"Gaming",IF(OR(ISNUMBER(SEARCH("thinkpad",C5)),ISNUMBER(SEARCH("latitude",C5)),ISNUMBER(SEARCH("probook",C5)),ISNUMBER(SEARCH("elitebook",C5)),ISNUMBER(SEARCH("office",A5&" "&Q5)),ISNUMBER(SEARCH("business",A5&" "&Q5)),AND(ISNUMBER(SEARCH("windows 11 pro",I5)),J5="Integrated")),"Office / Business",IF(OR(ISNUMBER(SEARCH("creator",A5&" "&Q5)),ISNUMBER(SEARCH("studio",A5&" "&C5)),ISNUMBER(SEARCH("workstation",A5&" "&C5)),ISNUMBER(SEARCH("precision",A5&" "&C5)),ISNUMBER(SEARCH("zbook",A5&" "&C5))),"Creator / Professional","Normal Use")))) -> Normal Use | E5: 16 | F5: AMD R Series | G5: 16 | H5: 512 | I5: Windows 11 | J5: Integrated | K5: Not Provided | L5: FHD | M5: FHD | O5: Up to 4.3GHz | P5: Sophisticated Grey | Q5: Lightweight | Numeric Keypad | Webcam Cover | R5: WiFi 6 | USB3.2 | S5: 4.7 | T5: 18 | U5: 155215.23 | V5: 471194.73 | W5: =((V5-U5)/V5)*100 -> 67.059218 | X5: =IF(W5>0,"Yes","No") -> Yes | Y5: 18759.2 | Z5: 29-09-2026 | AB5: https://m.media-amazon.com/images/I/71kEunh4iBL._AC_UY218_.jpg | AC5: https://www.amazon.com/KAIGERR-Gaming-Laptop-Computer-Display/dp/B0HFSB44KN/ref=sr_1_4?crid=3LC9VL11Q1Y6Z&dib=eyJ2IjoiMSJ9.U2f6tF7U4FXBlufzzxuXjnv_GdNqW7CiSoYDvSuongDXJWA625NT4G_HcCMR46-_8bO8rQDLwftxYPs9ljScRM_SbL8_cN8VvuCkUgnOvSOoHzDcdKKiOcdz1oG0PnxfJTbvu8TzfUsLExe1ajxbM3g_sTV4ZqFymj-480Or8qxXeNsikJI5RdR6NG_pfV_r6WfgdZpalTD-kYdJcPz9f5qE1Z09Dq84ivovAw8Fsr4.ve32C26LJDBbbUmFYHkl1TTlVlSujzPtZELPqGRBN1w&dib_tag=se&keywords=gaming+laptops&qid=1789819786&sprefix=%2Caps%2C392&sr=8-4
A6: 18.5 Inch Gaming Laptop with 7000 mAh Battery,AMD Ryzen 7430U UP to 4.3GHZ | B6: MALLRACE | C6: AX18-7430U | D6: =IF(OR(ISNUMBER(SEARCH("charger",A6)),ISNUMBER(SEARCH("cable",A6)),ISNUMBER(SEARCH("adapter",A6)),ISNUMBER(SEARCH("dock",A6)),ISNUMBER(SEARCH("replacement",A6))),"Accessory / Other",IF(OR(J6="Dedicated",ISNUMBER(SEARCH("rtx",J6&" "&K6)),ISNUMBER(SEARCH("gtx",J6&" "&K6)),ISNUMBER(SEARCH("rx 5",J6&" "&K6)),ISNUMBER(SEARCH("rx 6",J6&" "&K6)),ISNUMBER(SEARCH("rx 7",J6&" "&K6)),ISNUMBER(SEARCH("rx 8",J6&" "&K6)),ISNUMBER(SEARCH("rx 9",J6&" "&K6)),AND(IFERROR(N6>=120,FALSE),ISNUMBER(SEARCH("gaming",A6&" "&C6)))),"Gaming",IF(OR(ISNUMBER(SEARCH("thinkpad",C6)),ISNUMBER(SEARCH("latitude",C6)),ISNUMBER(SEARCH("probook",C6)),ISNUMBER(SEARCH("elitebook",C6)),ISNUMBER(SEARCH("office",A6&" "&Q6)),ISNUMBER(SEARCH("business",A6&" "&Q6)),AND(ISNUMBER(SEARCH("windows 11 pro",I6)),J6="Integrated")),"Office / Business",IF(OR(ISNUMBER(SEARCH("creator",A6&" "&Q6)),ISNUMBER(SEARCH("studio",A6&" "&C6)),ISNUMBER(SEARCH("workstation",A6&" "&C6)),ISNUMBER(SEARCH("precision",A6&" "&C6)),ISNUMBER(SEARCH("zbook",A6&" "&C6))),"Creator / Professional","Normal Use")))) -> Normal Use | E6: 18.5 | F6: Ryzen 5 | G6: 16 | H6: 512 | I6: Windows 11 | J6: Integrated | K6: Not Provided | L6: Not Provided | M6: Not Provided | O6: UP to 4.3GHZ | P6: Matte Grey | Q6: 18.5 inch laptop | 7000mAh Large Battery | AMD Ryzen 7430U | HD Audio | Card Slot | 7000 mAh | R6: Not Provided | S6: 4.8 | T6: 18 | U6: 182655.55 | V6: 443477.23 | W6: =((V6-U6)/V6)*100 -> 58.812868 | X6: =IF(W6>0,"Yes","No") -> Yes | Y6: 21996.61 | Z6: 29-09-2026 | AB6: https://m.media-amazon.com/images/I/715V4VP-nfL._AC_UY218_.jpg | AC6: https://www.amazon.com/Gaming-Laptop-Battery-Ryzen-4-3GHZ/dp/B0HF3J55CY/ref=sr_1_6?crid=3LC9VL11Q1Y6Z&dib=eyJ2IjoiMSJ9.U2f6tF7U4FXBlufzzxuXjnv_GdNqW7CiSoYDvSuongDXJWA625NT4G_HcCMR46-_8bO8rQDLwftxYPs9ljScRM_SbL8_cN8VvuCkUgnOvSOoHzDcdKKiOcdz1oG0PnxfJTbvu8TzfUsLExe1ajxbM3g_sTV4ZqFymj-480Or8qxXeNsikJI5RdR6NG_pfV_r6WfgdZpalTD-kYdJcPz9f5qE1Z09Dq84ivovAw8Fsr4.ve32C26LJDBbbUmFYHkl1TTlVlSujzPtZELPqGRBN1w&dib_tag=se&keywords=gaming+laptops&qid=1789819786&sprefix=%2Caps%2C392&sr=8-6
A7: KAIGERR Gaming Laptop, 24GB DDR5 512GB NVMe SSD Laptop Computer with AMD Ryzen 7 H255(8C/16T, Up to 4.9GHz), 16.0 inch Windows 11 Laptop, Radeon RX Vega 8 Graphics,WiFi 6, Backlit KB | B7: KAIGERR | C7: S16 | D7: =IF(OR(ISNUMBER(SEARCH("charger",A7)),ISNUMBER(SEARCH("cable",A7)),ISNUMBER(SEARCH("adapter",A7)),ISNUMBER(SEARCH("dock",A7)),ISNUMBER(SEARCH("replacement",A7))),"Accessory / Other",IF(OR(J7="Dedicated",ISNUMBER(SEARCH("rtx",J7&" "&K7)),ISNUMBER(SEARCH("gtx",J7&" "&K7)),ISNUMBER(SEARCH("rx 5",J7&" "&K7)),ISNUMBER(SEARCH("rx 6",J7&" "&K7)),ISNUMBER(SEARCH("rx 7",J7&" "&K7)),ISNUMBER(SEARCH("rx 8",J7&" "&K7)),ISNUMBER(SEARCH("rx 9",J7&" "&K7)),AND(IFERROR(N7>=120,FALSE),ISNUMBER(SEARCH("gaming",A7&" "&C7)))),"Gaming",IF(OR(ISNUMBER(SEARCH("thinkpad",C7)),ISNUMBER(SEARCH("latitude",C7)),ISNUMBER(SEARCH("probook",C7)),ISNUMBER(SEARCH("elitebook",C7)),ISNUMBER(SEARCH("office",A7&" "&Q7)),ISNUMBER(SEARCH("business",A7&" "&Q7)),AND(ISNUMBER(SEARCH("windows 11 pro",I7)),J7="Integrated")),"Office / Business",IF(OR(ISNUMBER(SEARCH("creator",A7&" "&Q7)),ISNUMBER(SEARCH("studio",A7&" "&C7)),ISNUMBER(SEARCH("workstation",A7&" "&C7)),ISNUMBER(SEARCH("precision",A7&" "&C7)),ISNUMBER(SEARCH("zbook",A7&" "&C7))),"Creator / Professional","Normal Use")))) -> Normal Use | E7: 16 | F7: AMD Ryzen 7 | G7: 24 | H7: 512 | I7: Windows 11 | J7: Integrated | K7: Radeon RX Vega 8 Graphics | L7: Not Provided | M7: Not Provided | O7: Up to 4.9GHz | P7: Newest Grey | Q7: Backlit Keyboard | High Performance | Lightweight | Numeric Keypad | R7: WiFi 6 | S7: 3.9 | T7: 26 | U7: 526629.73 | V7: 526629.73 | W7: =((V7-U7)/V7)*100 -> 0 | X7: =IF(W7>0,"Yes","No") -> No | Y7: 19244.26 | Z7: 29-09-2026 | AB7: https://m.media-amazon.com/images/I/81m-bBjxVcL._AC_UY218_.jpg | AC7: https://www.amazon.com/KAIGERR-Computer-Windows-Graphics-Backlit/dp/B0HF7XD4VY/ref=sr_1_7?crid=3LC9VL11Q1Y6Z&dib=eyJ2IjoiMSJ9.U2f6tF7U4FXBlufzzxuXjnv_GdNqW7CiSoYDvSuongDXJWA625NT4G_HcCMR46-_8bO8rQDLwftxYPs9ljScRM_SbL8_cN8VvuCkUgnOvSOoHzDcdKKiOcdz1oG0PnxfJTbvu8TzfUsLExe1ajxbM3g_sTV4ZqFymj-480Or8qxXeNsikJI5RdR6NG_pfV_r6WfgdZpalTD-kYdJcPz9f5qE1Z09Dq84ivovAw8Fsr4.ve32C26LJDBbbUmFYHkl1TTlVlSujzPtZELPqGRBN1w&dib_tag=se&keywords=gaming+laptops&qid=1789819786&sprefix=%2Caps%2C392&sr=8-7
A8: ASUS ROG Strix G16 (2025) Gaming Laptop, 16" ROG Nebula 16:10 2.5K 240Hz/3ms, NVIDIA® GeForce RTX™ 5070 Ti, Intel® Core™ Ultra 9 Processor 275HX, 32GB DDR5, 1TB SSD, Wi-Fi 7, Win11 Home, G615LR-AS96 | B8: ASUS | C8: ROG Strix G16 | D8: =IF(OR(ISNUMBER(SEARCH("charger",A8)),ISNUMBER(SEARCH("cable",A8)),ISNUMBER(SEARCH("adapter",A8)),ISNUMBER(SEARCH("dock",A8)),ISNUMBER(SEARCH("replacement",A8))),"Accessory / Other",IF(OR(J8="Dedicated",ISNUMBER(SEARCH("rtx",J8&" "&K8)),ISNUMBER(SEARCH("gtx",J8&" "&K8)),ISNUMBER(SEARCH("rx 5",J8&" "&K8)),ISNUMBER(SEARCH("rx 6",J8&" "&K8)),ISNUMBER(SEARCH("rx 7",J8&" "&K8)),ISNUMBER(SEARCH("rx 8",J8&" "&K8)),ISNUMBER(SEARCH("rx 9",J8&" "&K8)),AND(IFERROR(N8>=120,FALSE),ISNUMBER(SEARCH("gaming",A8&" "&C8)))),"Gaming",IF(OR(ISNUMBER(SEARCH("thinkpad",C8)),ISNUMBER(SEARCH("latitude",C8)),ISNUMBER(SEARCH("probook",C8)),ISNUMBER(SEARCH("elitebook",C8)),ISNUMBER(SEARCH("office",A8&" "&Q8)),ISNUMBER(SEARCH("business",A8&" "&Q8)),AND(ISNUMBER(SEARCH("windows 11 pro",I8)),J8="Integrated")),"Office / Business",IF(OR(ISNUMBER(SEARCH("creator",A8&" "&Q8)),ISNUMBER(SEARCH("studio",A8&" "&C8)),ISNUMBER(SEARCH("workstation",A8&" "&C8)),ISNUMBER(SEARCH("precision",A8&" "&C8)),ISNUMBER(SEARCH("zbook",A8&" "&C8))),"Creator / Professional","Normal Use")))) -> Gaming | E8: 16 | F8: Intel Core Ultra 9 | G8: 32 | H8: 1000 | I8: Windows 11 Home | J8: Dedicated | K8: NVIDIA GeForce RTX 5070 Ti | L8: 2.5K | M8: Not Provided | N8: 240 | O8: Not Provided | P8: Black | Q8: Backlit Keyboard | R8: Wi-Fi 7 | S8: 4.3 | T8: 225 | U8: 706513.53 | V8: 706513.53 | W8: =((V8-U8)/V8)*100 -> 0 | X8: =IF(W8>0,"Yes","No") -> No | Y8: 25882.6 | Z8: 29-09-2026 | AB8: https://m.media-amazon.com/images/I/71WH7jtyWpL._AC_UY218_.jpg | AC8: https://www.amazon.com/ASUS-Gaming-Laptop-Nebula-Display/dp/B0DW1X5YCQ/ref=sr_1_9?crid=3LC9VL11Q1Y6Z&dib=eyJ2IjoiMSJ9.U2f6tF7U4FXBlufzzxuXjnv_GdNqW7CiSoYDvSuongDXJWA625NT4G_HcCMR46-_8bO8rQDLwftxYPs9ljScRM_SbL8_cN8VvuCkUgnOvSOoHzDcdKKiOcdz1oG0PnxfJTbvu8TzfUsLExe1ajxbM3g_sTV4ZqFymj-480Or8qxXeNsikJI5RdR6NG_pfV_r6WfgdZpalTD-kYdJcPz9f5qE1Z09Dq84ivovAw8Fsr4.ve32C26LJDBbbUmFYHkl1TTlVlSujzPtZELPqGRBN1w&dib_tag=se&keywords=gaming+laptops&qid=1789819786&sprefix=%2Caps%2C392&sr=8-9
A9: Razer Blade 16 (2026) Gaming Laptop, RTX 5070 Ti, 32GB DDR5, 1TB, Black | B9: Razer | C9: Blade 16 | D9: =IF(OR(ISNUMBER(SEARCH("charger",A9)),ISNUMBER(SEARCH("cable",A9)),ISNUMBER(SEARCH("adapter",A9)),ISNUMBER(SEARCH("dock",A9)),ISNUMBER(SEARCH("replacement",A9))),"Accessory / Other",IF(OR(J9="Dedicated",ISNUMBER(SEARCH("rtx",J9&" "&K9)),ISNUMBER(SEARCH("gtx",J9&" "&K9)),ISNUMBER(SEARCH("rx 5",J9&" "&K9)),ISNUMBER(SEARCH("rx 6",J9&" "&K9)),ISNUMBER(SEARCH("rx 7",J9&" "&K9)),ISNUMBER(SEARCH("rx 8",J9&" "&K9)),ISNUMBER(SEARCH("rx 9",J9&" "&K9)),AND(IFERROR(N9>=120,FALSE),ISNUMBER(SEARCH("gaming",A9&" "&C9)))),"Gaming",IF(OR(ISNUMBER(SEARCH("thinkpad",C9)),ISNUMBER(SEARCH("latitude",C9)),ISNUMBER(SEARCH("probook",C9)),ISNUMBER(SEARCH("elitebook",C9)),ISNUMBER(SEARCH("office",A9&" "&Q9)),ISNUMBER(SEARCH("business",A9&" "&Q9)),AND(ISNUMBER(SEARCH("windows 11 pro",I9)),J9="Integrated")),"Office / Business",IF(OR(ISNUMBER(SEARCH("creator",A9&" "&Q9)),ISNUMBER(SEARCH("studio",A9&" "&C9)),ISNUMBER(SEARCH("workstation",A9&" "&C9)),ISNUMBER(SEARCH("precision",A9&" "&C9)),ISNUMBER(SEARCH("zbook",A9&" "&C9))),"Creator / Professional","Normal Use")))) -> Gaming | E9: 16 | F9: Core i9 | G9: 32 | H9: 1000 | I9: Windows 11 Home | J9: RTX 5070 Ti | K9: RTX 5070 Ti | L9: Not Provided | M9: Not Provided | O9: Not Provided | P9: Black | Q9: Intel NPU | Vapor Chamber Cooling | Windows Hello | Wi-Fi 7 | 90 WHr | CNC Milled Aluminum | THX Spatial Audio | Pluton Security Processor | Kensington Security Slot | TPM 2.0 | Anodized Black Finish | Thunderbolt 5 and Thunderbolt 4 Ready | R9: Not Provided | S9: 5 | T9: 2 | U9: 970109.73 | V9: 970109.73 | W9: =((V9-U9)/V9)*100 -> 0 | X9: =IF(W9>0,"Yes","No") -> No | Y9: 24225.1 | Z9: 28-09-2026 | AB9: https://m.media-amazon.com/images/I/719SQ1o+TSL._AC_UY218_.jpg | AC9: https://www.amazon.com/Razer-Blade-Gaming-Laptop-Black/dp/B0H31TTZJT/ref=sr_1_10?crid=3LC9VL11Q1Y6Z&dib=eyJ2IjoiMSJ9.U2f6tF7U4FXBlufzzxuXjnv_GdNqW7CiSoYDvSuongDXJWA625NT4G_HcCMR46-_8bO8rQDLwftxYPs9ljScRM_SbL8_cN8VvuCkUgnOvSOoHzDcdKKiOcdz1oG0PnxfJTbvu8TzfUsLExe1ajxbM3g_sTV4ZqFymj-480Or8qxXeNsikJI5RdR6NG_pfV_r6WfgdZpalTD-kYdJcPz9f5qE1Z09Dq84ivovAw8Fsr4.ve32C26LJDBbbUmFYHkl1TTlVlSujzPtZELPqGRBN1w&dib_tag=se&keywords=gaming+laptops&qid=1789819786&sprefix=%2Caps%2C392&sr=8-10
A10: ASUS ROG Strix G16 Gaming Laptop, 16" 16:10 FHD+ 165Hz/3ms, NVIDIA GeForce RTX 5050 Laptop GPU, Intel Core i5 Processor 14450HX, 16GB DDR5-5600, 512GB PCIe Gen 4 SSD, Wi-Fi 7, Win11 Home, G615JHR-DS53 | B10: ASUS | C10: G615JHR-DS53 | D10: =IF(OR(ISNUMBER(SEARCH("charger",A10)),ISNUMBER(SEARCH("cable",A10)),ISNUMBER(SEARCH("adapter",A10)),ISNUMBER(SEARCH("dock",A10)),ISNUMBER(SEARCH("replacement",A10))),"Accessory / Other",IF(OR(J10="Dedicated",ISNUMBER(SEARCH("rtx",J10&" "&K10)),ISNUMBER(SEARCH("gtx",J10&" "&K10)),ISNUMBER(SEARCH("rx 5",J10&" "&K10)),ISNUMBER(SEARCH("rx 6",J10&" "&K10)),ISNUMBER(SEARCH("rx 7",J10&" "&K10)),ISNUMBER(SEARCH("rx 8",J10&" "&K10)),ISNUMBER(SEARCH("rx 9",J10&" "&K10)),AND(IFERROR(N10>=120,FALSE),ISNUMBER(SEARCH("gaming",A10&" "&C10)))),"Gaming",IF(OR(ISNUMBER(SEARCH("thinkpad",C10)),ISNUMBER(SEARCH("latitude",C10)),ISNUMBER(SEARCH("probook",C10)),ISNUMBER(SEARCH("elitebook",C10)),ISNUMBER(SEARCH("office",A10&" "&Q10)),ISNUMBER(SEARCH("business",A10&" "&Q10)),AND(ISNUMBER(SEARCH("windows 11 pro",I10)),J10="Integrated")),"Office / Business",IF(OR(ISNUMBER(SEARCH("creator",A10&" "&Q10)),ISNUMBER(SEARCH("studio",A10&" "&C10)),ISNUMBER(SEARCH("workstation",A10&" "&C10)),ISNUMBER(SEARCH("precision",A10&" "&C10)),ISNUMBER(SEARCH("zbook",A10&" "&C10))),"Creator / Professional","Normal Use")))) -> Gaming | E10: 16 | F10: Core i5 | G10: 16 | H10: 512 | I10: Windows 11 Home | J10: Dedicated | K10: NVIDIA GeForce RTX 5050 | L10: FHD | M10: FHD+ | N10: 165 | O10: Not Provided | P10: Eclipse Gray | Q10: Anti Glare Coating | Backlit Keyboard | Wifi | R10: Wi-Fi 7 | U10: 360324.73 | V10: 360324.73 | W10: =((V10-U10)/V10)*100 -> 0 | X10: =IF(W10>0,"Yes","No") -> No | Y10: 27434.78 | Z10: 29-09-2026 | AB10: https://m.media-amazon.com/images/I/81MIF+hN13L._AC_UY218_.jpg | AC10: https://www.amazon.com/ASUS-ROG-Strix-Gaming-Laptop/dp/B0H42CV8H7/ref=sr_1_11?crid=3LC9VL11Q1Y6Z&dib=eyJ2IjoiMSJ9.U2f6tF7U4FXBlufzzxuXjnv_GdNqW7CiSoYDvSuongDXJWA625NT4G_HcCMR46-_8bO8rQDLwftxYPs9ljScRM_SbL8_cN8VvuCkUgnOvSOoHzDcdKKiOcdz1oG0PnxfJTbvu8TzfUsLExe1ajxbM3g_sTV4ZqFymj-480Or8qxXeNsikJI5RdR6NG_pfV_r6WfgdZpalTD-kYdJcPz9f5qE1Z09Dq84ivovAw8Fsr4.ve32C26LJDBbbUmFYHkl1TTlVlSujzPtZELPqGRBN1w&dib_tag=se&keywords=gaming+laptops&qid=1789819786&sprefix=%2Caps%2C392&sr=8-11
A11: MALLRACE Gaming Laptop,16GB 512GB SSD Laptop Computer with Numeric KB,AMD Ryzen 5 7430U (Beat Intel i7-1255,up to 4.3GHz), Radeon Graphics,15.6inch FHD Display AMD Laptop,Type_C,WiFi 6 | B11: MALLRACE | C11: LX15PRO | D11: =IF(OR(ISNUMBER(SEARCH("charger",A11)),ISNUMBER(SEARCH("cable",A11)),ISNUMBER(SEARCH("adapter",A11)),ISNUMBER(SEARCH("dock",A11)),ISNUMBER(SEARCH("replacement",A11))),"Accessory / Other",IF(OR(J11="Dedicated",ISNUMBER(SEARCH("rtx",J11&" "&K11)),ISNUMBER(SEARCH("gtx",J11&" "&K11)),ISNUMBER(SEARCH("rx 5",J11&" "&K11)),ISNUMBER(SEARCH("rx 6",J11&" "&K11)),ISNUMBER(SEARCH("rx 7",J11&" "&K11)),ISNUMBER(SEARCH("rx 8",J11&" "&K11)),ISNUMBER(SEARCH("rx 9",J11&" "&K11)),AND(IFERROR(N11>=120,FALSE),ISNUMBER(SEARCH("gaming",A11&" "&C11)))),"Gaming",IF(OR(ISNUMBER(SEARCH("thinkpad",C11)),ISNUMBER(SEARCH("latitude",C11)),ISNUMBER(SEARCH("probook",C11)),ISNUMBER(SEARCH("elitebook",C11)),ISNUMBER(SEARCH("office",A11&" "&Q11)),ISNUMBER(SEARCH("business",A11&" "&Q11)),AND(ISNUMBER(SEARCH("windows 11 pro",I11)),J11="Integrated")),"Office / Business",IF(OR(ISNUMBER(SEARCH("creator",A11&" "&Q11)),ISNUMBER(SEARCH("studio",A11&" "&C11)),ISNUMBER(SEARCH("workstation",A11&" "&C11)),ISNUMBER(SEARCH("precision",A11&" "&C11)),ISNUMBER(SEARCH("zbook",A11&" "&C11))),"Creator / Professional","Normal Use")))) -> Normal Use | E11: 15.6 | F11: Ryzen 5 | G11: 16 | H11: 512 | I11: Windows 11 Pro | J11: AMD Radeon™ Graphics | K11: Radeon Graphics | L11: FHD | M11: FHD | O11: up to 4.3GHz | P11: Matte Grey | Q11: Lightweight | Numeric Keypad | R11: WiFi 6 | S11: 4.5 | T11: 20 | U11: 138584.73 | V11: 235595.98 | W11: =((V11-U11)/V11)*100 -> 41.176955 | X11: =IF(W11>0,"Yes","No") -> Yes | Y11: 18415.51 | Z11: 29-09-2026 | AB11: https://m.media-amazon.com/images/I/71+KUy76p5L._AC_UY218_.jpg | AC11: https://www.amazon.com/MALLRACE-Computer-Numeric-Graphics-15-6inch/dp/B0HFQSZZ26/ref=sr_1_12?crid=3LC9VL11Q1Y6Z&dib=eyJ2IjoiMSJ9.U2f6tF7U4FXBlufzzxuXjnv_GdNqW7CiSoYDvSuongDXJWA625NT4G_HcCMR46-_8bO8rQDLwftxYPs9ljScRM_SbL8_cN8VvuCkUgnOvSOoHzDcdKKiOcdz1oG0PnxfJTbvu8TzfUsLExe1ajxbM3g_sTV4ZqFymj-480Or8qxXeNsikJI5RdR6NG_pfV_r6WfgdZpalTD-kYdJcPz9f5qE1Z09Dq84ivovAw8Fsr4.ve32C26LJDBbbUmFYHkl1TTlVlSujzPtZELPqGRBN1w&dib_tag=se&keywords=gaming+laptops&qid=1789819786&sprefix=%2Caps%2C392&sr=8-12
A12: KAIGERR Gaming Laptop with AMD Ryzen 7430U(Up to 4.3GHz), 16GB DDR4 512GB SSD Laptop Computer, 1920P FHD Display, WiFi 6, USB3.2, Type_C, Webcam Cover Slide | B12: KAIGERR | C12: LX16PRO | D12: =IF(OR(ISNUMBER(SEARCH("charger",A12)),ISNUMBER(SEARCH("cable",A12)),ISNUMBER(SEARCH("adapter",A12)),ISNUMBER(SEARCH("dock",A12)),ISNUMBER(SEARCH("replacement",A12))),"Accessory / Other",IF(OR(J12="Dedicated",ISNUMBER(SEARCH("rtx",J12&" "&K12)),ISNUMBER(SEARCH("gtx",J12&" "&K12)),ISNUMBER(SEARCH("rx 5",J12&" "&K12)),ISNUMBER(SEARCH("rx 6",J12&" "&K12)),ISNUMBER(SEARCH("rx 7",J12&" "&K12)),ISNUMBER(SEARCH("rx 8",J12&" "&K12)),ISNUMBER(SEARCH("rx 9",J12&" "&K12)),AND(IFERROR(N12>=120,FALSE),ISNUMBER(SEARCH("gaming",A12&" "&C12)))),"Gaming",IF(OR(ISNUMBER(SEARCH("thinkpad",C12)),ISNUMBER(SEARCH("latitude",C12)),ISNUMBER(SEARCH("probook",C12)),ISNUMBER(SEARCH("elitebook",C12)),ISNUMBER(SEARCH("office",A12&" "&Q12)),ISNUMBER(SEARCH("business",A12&" "&Q12)),AND(ISNUMBER(SEARCH("windows 11 pro",I12)),J12="Integrated")),"Office / Business",IF(OR(ISNUMBER(SEARCH("creator",A12&" "&Q12)),ISNUMBER(SEARCH("studio",A12&" "&C12)),ISNUMBER(SEARCH("workstation",A12&" "&C12)),ISNUMBER(SEARCH("precision",A12&" "&C12)),ISNUMBER(SEARCH("zbook",A12&" "&C12))),"Creator / Professional","Normal Use")))) -> Normal Use | E12: 16 | F12: AMD R Series | G12: 16 | H12: 512 | I12: Windows 11 | J12: Integrated | K12: Not Provided | L12: FHD | M12: FHD | O12: Up to 4.3GHz | P12: Sophisticated Grey | Q12: Lightweight | Numeric Keypad | Webcam Cover | R12: WiFi 6 | USB3.2 | S12: 5 | T12: 13 | U12: 260541.73 | V12: 260541.73 | W12: =((V12-U12)/V12)*100 -> 0 | X12: =IF(W12>0,"Yes","No") -> No | Y12: 18759.2 | Z12: 29-09-2026 | AB12: https://m.media-amazon.com/images/I/71yhKclypqL._AC_UY218_.jpg | AC12: https://www.amazon.com/KAIGERR-Gaming-Laptop-Computer-Display/dp/B0H93H8V7J/ref=sr_1_13?crid=3LC9VL11Q1Y6Z&dib=eyJ2IjoiMSJ9.U2f6tF7U4FXBlufzzxuXjnv_GdNqW7CiSoYDvSuongDXJWA625NT4G_HcCMR46-_8bO8rQDLwftxYPs9ljScRM_SbL8_cN8VvuCkUgnOvSOoHzDcdKKiOcdz1oG0PnxfJTbvu8TzfUsLExe1ajxbM3g_sTV4ZqFymj-480Or8qxXeNsikJI5RdR6NG_pfV_r6WfgdZpalTD-kYdJcPz9f5qE1Z09Dq84ivovAw8Fsr4.ve32C26LJDBbbUmFYHkl1TTlVlSujzPtZELPqGRBN1w&dib_tag=se&keywords=gaming+laptops&qid=1789819786&sprefix=%2Caps%2C392&sr=8-13
A13: Acer Nitro V Gaming Laptop | Intel Core 5 Processor 210H | NVIDIA GeForce RTX 5050 Laptop GPU | 16" WUXGA IPS 165Hz Display | 8GB DDR5 | 512GB Gen 4 SSD | Wi-Fi 6 | Backlit Keyboard | ANV16-I31-54PT | B13: Acer | C13: Nitro V | D13: =IF(OR(ISNUMBER(SEARCH("charger",A13)),ISNUMBER(SEARCH("cable",A13)),ISNUMBER(SEARCH("adapter",A13)),ISNUMBER(SEARCH("dock",A13)),ISNUMBER(SEARCH("replacement",A13))),"Accessory / Other",IF(OR(J13="Dedicated",ISNUMBER(SEARCH("rtx",J13&" "&K13)),ISNUMBER(SEARCH("gtx",J13&" "&K13)),ISNUMBER(SEARCH("rx 5",J13&" "&K13)),ISNUMBER(SEARCH("rx 6",J13&" "&K13)),ISNUMBER(SEARCH("rx 7",J13&" "&K13)),ISNUMBER(SEARCH("rx 8",J13&" "&K13)),ISNUMBER(SEARCH("rx 9",J13&" "&K13)),AND(IFERROR(N13>=120,FALSE),ISNUMBER(SEARCH("gaming",A13&" "&C13)))),"Gaming",IF(OR(ISNUMBER(SEARCH("thinkpad",C13)),ISNUMBER(SEARCH("latitude",C13)),ISNUMBER(SEARCH("probook",C13)),ISNUMBER(SEARCH("elitebook",C13)),ISNUMBER(SEARCH("office",A13&" "&Q13)),ISNUMBER(SEARCH("business",A13&" "&Q13)),AND(ISNUMBER(SEARCH("windows 11 pro",I13)),J13="Integrated")),"Office / Business",IF(OR(ISNUMBER(SEARCH("creator",A13&" "&Q13)),ISNUMBER(SEARCH("studio",A13&" "&C13)),ISNUMBER(SEARCH("workstation",A13&" "&C13)),ISNUMBER(SEARCH("precision",A13&" "&C13)),ISNUMBER(SEARCH("zbook",A13&" "&C13))),"Creator / Professional","Normal Use")))) -> Gaming | F13: Intel Core 5 Processor 210H | G13: 8 | H13: 8 | I13: Not Provided | J13: NVIDIA GeForce RTX 5050 | K13: NVIDIA GeForce RTX 5050 | L13: WUXGA | M13: WUXGA | N13: 165 | O13: Not Provided | P13: Not Provided | Q13: Backlit Keyboard | IPS | DDR5 | R13: Wi-Fi 6 | S13: 3.7 | T13: 4 | U13: 374183.48 | V13: 374183.48 | W13: =((V13-U13)/V13)*100 -> 0 | X13: =IF(W13>0,"Yes","No") -> No | Y13: 20488.78 | Z13: 29-09-2026 | AB13: https://m.media-amazon.com/images/I/71iSm+PbylL._AC_UY218_.jpg | AC13: https://www.amazon.com/sspa/click?ie=UTF8&spc=MToxMDM2NjU2NzcwMzIwNDU2OjE3ODk4MTk4ODc6c3BfYXRmX25leHQ6MzAxMzUxMjExOTI2ODAyOjowOjo&url=%2FAcer-Processor-GeForce-Keyboard-ANV16-I31-54PT%2Fdp%2FB0CJCNL315%2Fref%3Dsr_1_17_sspa%3Fcrid%3D3LC9VL11Q1Y6Z%26dib%3DeyJ2IjoiMSJ9.ugoRDgk6CPUHAO-vuB2wI78pO390UDdb6RIU-aabDt5oU4otZYiGUnN6i_3bTOJjtcS38F6V6MAp5orniGxaedyNOGAYlDK7d99c9ucqP2kacaNCFHiHGfY9UEeOjwzul9iF8cSC9UucU8Gs5GLNy7FQ0V8OzIpdhNU--RElP62tW8GL2hHkxWv1CovRPUE2ikPC0MLd9pFvg58mnuxLOGLRhpXKRp64sVad5ICo7pE.-xmc_AxVrBglQX_RvSgqSLCabFYrz8FXomxgbbeGO4o%26dib_tag%3Dse%26keywords%3Dgaming%2Blaptops%26qid%3D1789819887%26sprefix%3D%252Caps%252C392%26sr%3D8-17-spons%26xpid%3DMMcXVFo9VX50C%26sp_csd%3Dd2lkZ2V0TmFtZT1zcF9hdGZfbmV4dA%26psc%3D1
A14: Light Gaming Laptop, AMD Ryzen 7430U (Up to 4.3GHz), 16GB 512GB SSD | B14: KAIGERR | C14: LX15PRO | D14: =IF(OR(ISNUMBER(SEARCH("charger",A14)),ISNUMBER(SEARCH("cable",A14)),ISNUMBER(SEARCH("adapter",A14)),ISNUMBER(SEARCH("dock",A14)),ISNUMBER(SEARCH("replacement",A14))),"Accessory / Other",IF(OR(J14="Dedicated",ISNUMBER(SEARCH("rtx",J14&" "&K14)),ISNUMBER(SEARCH("gtx",J14&" "&K14)),ISNUMBER(SEARCH("rx 5",J14&" "&K14)),ISNUMBER(SEARCH("rx 6",J14&" "&K14)),ISNUMBER(SEARCH("rx 7",J14&" "&K14)),ISNUMBER(SEARCH("rx 8",J14&" "&K14)),ISNUMBER(SEARCH("rx 9",J14&" "&K14)),AND(IFERROR(N14>=120,FALSE),ISNUMBER(SEARCH("gaming",A14&" "&C14)))),"Gaming",IF(OR(ISNUMBER(SEARCH("thinkpad",C14)),ISNUMBER(SEARCH("latitude",C14)),ISNUMBER(SEARCH("probook",C14)),ISNUMBER(SEARCH("elitebook",C14)),ISNUMBER(SEARCH("office",A14&" "&Q14)),ISNUMBER(SEARCH("business",A14&" "&Q14)),AND(ISNUMBER(SEARCH("windows 11 pro",I14)),J14="Integrated")),"Office / Business",IF(OR(ISNUMBER(SEARCH("creator",A14&" "&Q14)),ISNUMBER(SEARCH("studio",A14&" "&C14)),ISNUMBER(SEARCH("workstation",A14&" "&C14)),ISNUMBER(SEARCH("precision",A14&" "&C14)),ISNUMBER(SEARCH("zbook",A14&" "&C14))),"Creator / Professional","Normal Use")))) -> Office / Business | E14: 15.6 | F14: Ryzen 5 | G14: 16 | H14: 512 | I14: Windows 11 Pro | J14: Integrated | K14: Not Provided | L14: Not Provided | M14: Not Provided | O14: Up to 4.3GHz | P14: Nice Medium Gray | Q14: laptop | laptop computer | light gaming laptop | R14: Not Provided | S14: 4.6 | T14: 16 | U14: 163524.93 | V14: 268856.98 | W14: =((V14-U14)/V14)*100 -> 39.177726 | X14: =IF(W14>0,"Yes","No") -> Yes | Y14: 18554.09 | Z14: 29-09-2026 | AB14: https://m.media-amazon.com/images/I/71D4xomw-wL._AC_UY218_.jpg | AC14: https://www.amazon.com/Light-Gaming-Laptop-Ryzen-4-3GHz/dp/B0H6B6NH9Y/ref=sr_1_21?crid=3LC9VL11Q1Y6Z&dib=eyJ2IjoiMSJ9.ugoRDgk6CPUHAO-vuB2wI78pO390UDdb6RIU-aabDt5oU4otZYiGUnN6i_3bTOJjtcS38F6V6MAp5orniGxaedyNOGAYlDK7d99c9ucqP2kacaNCFHiHGfY9UEeOjwzul9iF8cSC9UucU8Gs5GLNy7FQ0V8OzIpdhNU--RElP62tW8GL2hHkxWv1CovRPUE2ikPC0MLd9pFvg58mnuxLOGLRhpXKRp64sVad5ICo7pE.-xmc_AxVrBglQX_RvSgqSLCabFYrz8FXomxgbbeGO4o&dib_tag=se&keywords=gaming+laptops&qid=1789819887&sprefix=%2Caps%2C392&sr=8-21&xpid=MMcXVFo9VX50C
A15: msi Vector A18 HX 18" 240Hz QHD+ Gaming Laptop: AMD Ryzen 9-9955HX, NVIDIA Geforce RTX 5080, 32GB DDR5, 1TB NVMe SSD, Type C, Wi-Fi 7, Win 11 Home: Cosmo Gray A9WIG-065US | B15: msi | C15: Vector A18 HX A9WIG-065US | D15: =IF(OR(ISNUMBER(SEARCH("charger",A15)),ISNUMBER(SEARCH("cable",A15)),ISNUMBER(SEARCH("adapter",A15)),ISNUMBER(SEARCH("dock",A15)),ISNUMBER(SEARCH("replacement",A15))),"Accessory / Other",IF(OR(J15="Dedicated",ISNUMBER(SEARCH("rtx",J15&" "&K15)),ISNUMBER(SEARCH("gtx",J15&" "&K15)),ISNUMBER(SEARCH("rx 5",J15&" "&K15)),ISNUMBER(SEARCH("rx 6",J15&" "&K15)),ISNUMBER(SEARCH("rx 7",J15&" "&K15)),ISNUMBER(SEARCH("rx 8",J15&" "&K15)),ISNUMBER(SEARCH("rx 9",J15&" "&K15)),AND(IFERROR(N15>=120,FALSE),ISNUMBER(SEARCH("gaming",A15&" "&C15)))),"Gaming",IF(OR(ISNUMBER(SEARCH("thinkpad",C15)),ISNUMBER(SEARCH("latitude",C15)),ISNUMBER(SEARCH("probook",C15)),ISNUMBER(SEARCH("elitebook",C15)),ISNUMBER(SEARCH("office",A15&" "&Q15)),ISNUMBER(SEARCH("business",A15&" "&Q15)),AND(ISNUMBER(SEARCH("windows 11 pro",I15)),J15="Integrated")),"Office / Business",IF(OR(ISNUMBER(SEARCH("creator",A15&" "&Q15)),ISNUMBER(SEARCH("studio",A15&" "&C15)),ISNUMBER(SEARCH("workstation",A15&" "&C15)),ISNUMBER(SEARCH("precision",A15&" "&C15)),ISNUMBER(SEARCH("zbook",A15&" "&C15))),"Creator / Professional","Normal Use")))) -> Gaming | E15: 18 | F15: Ryzen 9 | G15: 32 | H15: 1000 | I15: Windows 11 Home | J15: RTX 5080 | K15: NVIDIA Geforce RTX 5080 | L15: QHD | M15: QHD+ | N15: 240 | O15: Not Provided | P15: Gray | Q15: Backlit Keyboard | Fingerprint Reader | R15: Wi-Fi 7 | S15: 3.8 | T15: 27 | U15: 748369.73 | V15: 748369.73 | W15: =((V15-U15)/V15)*100 -> 0 | X15: =IF(W15>0,"Yes","No") -> No | Y15: 31830.78 | Z15: 29-09-2026 | AB15: https://m.media-amazon.com/images/I/71wEDLLi83L._AC_UY218_.jpg | AC15: https://www.amazon.com/MSI-Vector-240Hz-Gaming-Laptop/dp/B0DVDGRP1X/ref=sr_1_23?crid=3LC9VL11Q1Y6Z&dib=eyJ2IjoiMSJ9.ugoRDgk6CPUHAO-vuB2wI78pO390UDdb6RIU-aabDt5oU4otZYiGUnN6i_3bTOJjtcS38F6V6MAp5orniGxaedyNOGAYlDK7d99c9ucqP2kacaNCFHiHGfY9UEeOjwzul9iF8cSC9UucU8Gs5GLNy7FQ0V8OzIpdhNU--RElP62tW8GL2hHkxWv1CovRPUE2ikPC0MLd9pFvg58mnuxLOGLRhpXKRp64sVad5ICo7pE.-xmc_AxVrBglQX_RvSgqSLCabFYrz8FXomxgbbeGO4o&dib_tag=se&keywords=gaming+laptops&qid=1789819887&sprefix=%2Caps%2C392&sr=8-23&xpid=MMcXVFo9VX50C
A16: 18.5 Inch Gaming Laptop with 7000 mAh Battery,AMD Ryzen 7430U UP to 4.3GHZ | B16: Not Provided | C16: Not Provided | D16: =IF(OR(ISNUMBER(SEARCH("charger",A16)),ISNUMBER(SEARCH("cable",A16)),ISNUMBER(SEARCH("adapter",A16)),ISNUMBER(SEARCH("dock",A16)),ISNUMBER(SEARCH("replacement",A16))),"Accessory / Other",IF(OR(J16="Dedicated",ISNUMBER(SEARCH("rtx",J16&" "&K16)),ISNUMBER(SEARCH("gtx",J16&" "&K16)),ISNUMBER(SEARCH("rx 5",J16&" "&K16)),ISNUMBER(SEARCH("rx 6",J16&" "&K16)),ISNUMBER(SEARCH("rx 7",J16&" "&K16)),ISNUMBER(SEARCH("rx 8",J16&" "&K16)),ISNUMBER(SEARCH("rx 9",J16&" "&K16)),AND(IFERROR(N16>=120,FALSE),ISNUMBER(SEARCH("gaming",A16&" "&C16)))),"Gaming",IF(OR(ISNUMBER(SEARCH("thinkpad",C16)),ISNUMBER(SEARCH("latitude",C16)),ISNUMBER(SEARCH("probook",C16)),ISNUMBER(SEARCH("elitebook",C16)),ISNUMBER(SEARCH("office",A16&" "&Q16)),ISNUMBER(SEARCH("business",A16&" "&Q16)),AND(ISNUMBER(SEARCH("windows 11 pro",I16)),J16="Integrated")),"Office / Business",IF(OR(ISNUMBER(SEARCH("creator",A16&" "&Q16)),ISNUMBER(SEARCH("studio",A16&" "&C16)),ISNUMBER(SEARCH("workstation",A16&" "&C16)),ISNUMBER(SEARCH("precision",A16&" "&C16)),ISNUMBER(SEARCH("zbook",A16&" "&C16))),"Creator / Professional","Normal Use")))) -> Normal Use | E16: 18.5 | F16: AMD Ryzen 7430U UP to 4 | I16: Not Provided | J16: Not Provided | K16: Not Provided | L16: Not Provided | M16: Not Provided | O16: UP to 4.3GHZ | P16: Not Provided | Q16: 7000 mAh | R16: Not Provided | S16: 4.8 | T16: 18 | U16: 182655.55 | V16: 443477.23 | W16: =((V16-U16)/V16)*100 -> 58.812868 | X16: =IF(W16>0,"Yes","No") -> Yes | Y16: 21996.61 | Z16: 29-09-2026 | AB16: https://m.media-amazon.com/images/I/715V4VP-nfL._AC_UY218_.jpg | AC16: https://www.amazon.com/sspa/click?ie=UTF8&spc=MToxMDM2NjU2NzcwMzIwNDU2OjE3ODk4MTk4ODc6c3BfbXRmOjMwMTUzMzk0OTYyOTkwMjo6MDo6&url=%2FGaming-Laptop-Battery-Ryzen-4-3GHZ%2Fdp%2FB0HF3J55CY%2Fref%3Dsr_1_27_sspa%3Fcrid%3D3LC9VL11Q1Y6Z%26dib%3DeyJ2IjoiMSJ9.ugoRDgk6CPUHAO-vuB2wI78pO390UDdb6RIU-aabDt5oU4otZYiGUnN6i_3bTOJjtcS38F6V6MAp5orniGxaedyNOGAYlDK7d99c9ucqP2kacaNCFHiHGfY9UEeOjwzul9iF8cSC9UucU8Gs5GLNy7FQ0V8OzIpdhNU--RElP62tW8GL2hHkxWv1CovRPUE2ikPC0MLd9pFvg58mnuxLOGLRhpXKRp64sVad5ICo7pE.-xmc_AxVrBglQX_RvSgqSLCabFYrz8FXomxgbbeGO4o%26dib_tag%3Dse%26keywords%3Dgaming%2Blaptops%26qid%3D1789819887%26sprefix%3D%252Caps%252C392%26sr%3D8-27-spons%26xpid%3DMMcXVFo9VX50C%26sp_csd%3Dd2lkZ2V0TmFtZT1zcF9tdGY%26psc%3D1
A17: dynabook Tecra A40-M 14" WUXGA Business Laptop, Intel Core Ultra 7 155U, 32GB DDR5, 1TB PCIe SSD, Windows 11 Pro, Wi-Fi 6E, Thunderbolt 4, 5MP AI Webcam, Fingerprint | B17: dynabook | C17: Tecra A40-M 14" WUXGA Business | D17: =IF(OR(ISNUMBER(SEARCH("charger",A17)),ISNUMBER(SEARCH("cable",A17)),ISNUMBER(SEARCH("adapter",A17)),ISNUMBER(SEARCH("dock",A17)),ISNUMBER(SEARCH("replacement",A17))),"Accessory / Other",IF(OR(J17="Dedicated",ISNUMBER(SEARCH("rtx",J17&" "&K17)),ISNUMBER(SEARCH("gtx",J17&" "&K17)),ISNUMBER(SEARCH("rx 5",J17&" "&K17)),ISNUMBER(SEARCH("rx 6",J17&" "&K17)),ISNUMBER(SEARCH("rx 7",J17&" "&K17)),ISNUMBER(SEARCH("rx 8",J17&" "&K17)),ISNUMBER(SEARCH("rx 9",J17&" "&K17)),AND(IFERROR(N17>=120,FALSE),ISNUMBER(SEARCH("gaming",A17&" "&C17)))),"Gaming",IF(OR(ISNUMBER(SEARCH("thinkpad",C17)),ISNUMBER(SEARCH("latitude",C17)),ISNUMBER(SEARCH("probook",C17)),ISNUMBER(SEARCH("elitebook",C17)),ISNUMBER(SEARCH("office",A17&" "&Q17)),ISNUMBER(SEARCH("business",A17&" "&Q17)),AND(ISNUMBER(SEARCH("windows 11 pro",I17)),J17="Integrated")),"Office / Business",IF(OR(ISNUMBER(SEARCH("creator",A17&" "&Q17)),ISNUMBER(SEARCH("studio",A17&" "&C17)),ISNUMBER(SEARCH("workstation",A17&" "&C17)),ISNUMBER(SEARCH("precision",A17&" "&C17)),ISNUMBER(SEARCH("zbook",A17&" "&C17))),"Creator / Professional","Normal Use")))) -> Office / Business | F17: Intel Core Ultra 7 155U | G17: 32 | H17: 32 | I17: Windows 11 Pro | J17: Not Provided | K17: Not Provided | L17: WUXGA | M17: WUXGA | O17: Not Provided | P17: Not Provided | Q17: Wi-Fi 6 | 5MP AI Webcam | DDR5 | R17: Wi-Fi 6E | Thunderbolt 4 | S17: 0 | T17: 0 | U17: 493094.32 | V17: 493094.32 | W17: =((V17-U17)/V17)*100 -> 0 | X17: =IF(W17>0,"Yes","No") -> No | Y17: 21115.19 | Z17: 29-09-2026 | AB17: https://m.media-amazon.com/images/I/61Qz-lvLf0L._AC_UY218_.jpg | AC17: https://www.amazon.com/sspa/click?ie=UTF8&spc=MToxMDM2NjU2NzcwMzIwNDU2OjE3ODk4MTk4ODc6c3BfbXRmOjMwMTQ4NjQyMTcwNTkwMjo6MDo6&url=%2Fdynabook-A40-M-Business-Thunderbolt-Fingerprint%2Fdp%2FB0GT8T34V8%2Fref%3Dsr_1_28_sspa%3Fcrid%3D3LC9VL11Q1Y6Z%26dib%3DeyJ2IjoiMSJ9.ugoRDgk6CPUHAO-vuB2wI78pO390UDdb6RIU-aabDt5oU4otZYiGUnN6i_3bTOJjtcS38F6V6MAp5orniGxaedyNOGAYlDK7d99c9ucqP2kacaNCFHiHGfY9UEeOjwzul9iF8cSC9UucU8Gs5GLNy7FQ0V8OzIpdhNU--RElP62tW8GL2hHkxWv1CovRPUE2ikPC0MLd9pFvg58mnuxLOGLRhpXKRp64sVad5ICo7pE.-xmc_AxVrBglQX_RvSgqSLCabFYrz8FXomxgbbeGO4o%26dib_tag%3Dse%26keywords%3Dgaming%2Blaptops%26qid%3D1789819887%26sprefix%3D%252Caps%252C392%26sr%3D8-28-spons%26xpid%3DMMcXVFo9VX50C%26sp_csd%3Dd2lkZ2V0TmFtZT1zcF9tdGY%26psc%3D1
A18: Gaming Laptop with AMD Ryzen 7 H255 (up to 4.9GHz),24GB DDR5 512GB NVMe SSD | B18: MALLRACE | C18: S16 | D18: =IF(OR(ISNUMBER(SEARCH("charger",A18)),ISNUMBER(SEARCH("cable",A18)),ISNUMBER(SEARCH("adapter",A18)),ISNUMBER(SEARCH("dock",A18)),ISNUMBER(SEARCH("replacement",A18))),"Accessory / Other",IF(OR(J18="Dedicated",ISNUMBER(SEARCH("rtx",J18&" "&K18)),ISNUMBER(SEARCH("gtx",J18&" "&K18)),ISNUMBER(SEARCH("rx 5",J18&" "&K18)),ISNUMBER(SEARCH("rx 6",J18&" "&K18)),ISNUMBER(SEARCH("rx 7",J18&" "&K18)),ISNUMBER(SEARCH("rx 8",J18&" "&K18)),ISNUMBER(SEARCH("rx 9",J18&" "&K18)),AND(IFERROR(N18>=120,FALSE),ISNUMBER(SEARCH("gaming",A18&" "&C18)))),"Gaming",IF(OR(ISNUMBER(SEARCH("thinkpad",C18)),ISNUMBER(SEARCH("latitude",C18)),ISNUMBER(SEARCH("probook",C18)),ISNUMBER(SEARCH("elitebook",C18)),ISNUMBER(SEARCH("office",A18&" "&Q18)),ISNUMBER(SEARCH("business",A18&" "&Q18)),AND(ISNUMBER(SEARCH("windows 11 pro",I18)),J18="Integrated")),"Office / Business",IF(OR(ISNUMBER(SEARCH("creator",A18&" "&Q18)),ISNUMBER(SEARCH("studio",A18&" "&C18)),ISNUMBER(SEARCH("workstation",A18&" "&C18)),ISNUMBER(SEARCH("precision",A18&" "&C18)),ISNUMBER(SEARCH("zbook",A18&" "&C18))),"Creator / Professional","Normal Use")))) -> Office / Business | E18: 16 | F18: AMD Ryzen 7 | G18: 24 | H18: 512 | I18: Windows 11 Pro | J18: Integrated | K18: Not Provided | L18: Not Provided | M18: Not Provided | O18: up to 4.9GHz | P18: Lead Gray | Q18: 24GB DDR5 512GB SSD | AMD Radeon 780M | AMD Ryzen7 H255 4.9GHz | Backlit Keyboard | HDMI 2.0 | R18: Not Provided | S18: 4.4 | T18: 41 | U18: 191247.98 | V18: 221737.23 | W18: =((V18-U18)/V18)*100 -> 13.750172 | X18: =IF(W18>0,"Yes","No") -> Yes | Y18: 19382.85 | AB18: https://m.media-amazon.com/images/I/71jdw6czCML._AC_UY218_.jpg | AC18: https://www.amazon.com/Gaming-Laptop-Ryzen-4-9GHz-512GB/dp/B0H4GDCQJF/ref=sr_1_29?crid=3LC9VL11Q1Y6Z&dib=eyJ2IjoiMSJ9.ugoRDgk6CPUHAO-vuB2wI78pO390UDdb6RIU-aabDt5oU4otZYiGUnN6i_3bTOJjtcS38F6V6MAp5orniGxaedyNOGAYlDK7d99c9ucqP2kacaNCFHiHGfY9UEeOjwzul9iF8cSC9UucU8Gs5GLNy7FQ0V8OzIpdhNU--RElP62tW8GL2hHkxWv1CovRPUE2ikPC0MLd9pFvg58mnuxLOGLRhpXKRp64sVad5ICo7pE.-xmc_AxVrBglQX_RvSgqSLCabFYrz8FXomxgbbeGO4o&dib_tag=se&keywords=gaming+laptops&qid=1789819887&sprefix=%2Caps%2C392&sr=8-29&xpid=MMcXVFo9VX50C
A19: Gaming Laptop 2026,Office & Windows 11 Pro Laptops with 16GB 512GB SSD | B19: CHIFUYOU | C19: Intel Core i7-7600U 16GB +1TB SSD | D19: =IF(OR(ISNUMBER(SEARCH("charger",A19)),ISNUMBER(SEARCH("cable",A19)),ISNUMBER(SEARCH("adapter",A19)),ISNUMBER(SEARCH("dock",A19)),ISNUMBER(SEARCH("replacement",A19))),"Accessory / Other",IF(OR(J19="Dedicated",ISNUMBER(SEARCH("rtx",J19&" "&K19)),ISNUMBER(SEARCH("gtx",J19&" "&K19)),ISNUMBER(SEARCH("rx 5",J19&" "&K19)),ISNUMBER(SEARCH("rx 6",J19&" "&K19)),ISNUMBER(SEARCH("rx 7",J19&" "&K19)),ISNUMBER(SEARCH("rx 8",J19&" "&K19)),ISNUMBER(SEARCH("rx 9",J19&" "&K19)),AND(IFERROR(N19>=120,FALSE),ISNUMBER(SEARCH("gaming",A19&" "&C19)))),"Gaming",IF(OR(ISNUMBER(SEARCH("thinkpad",C19)),ISNUMBER(SEARCH("latitude",C19)),ISNUMBER(SEARCH("probook",C19)),ISNUMBER(SEARCH("elitebook",C19)),ISNUMBER(SEARCH("office",A19&" "&Q19)),ISNUMBER(SEARCH("business",A19&" "&Q19)),AND(ISNUMBER(SEARCH("windows 11 pro",I19)),J19="Integrated")),"Office / Business",IF(OR(ISNUMBER(SEARCH("creator",A19&" "&Q19)),ISNUMBER(SEARCH("studio",A19&" "&C19)),ISNUMBER(SEARCH("workstation",A19&" "&C19)),ISNUMBER(SEARCH("precision",A19&" "&C19)),ISNUMBER(SEARCH("zbook",A19&" "&C19))),"Creator / Professional","Normal Use")))) -> Office / Business | E19: 15.6 | F19: Core i7 | G19: 16 | H19: 512 | I19: Windows 11 Pro | J19: Integrated | K19: Not Provided | L19: Not Provided | M19: Not Provided | O19: Not Provided | P19: Gray | Q19: Anti Glare Coating | Backlit Keyboard | HD Audio | Lightweight | Numeric Keypad | R19: Not Provided | S19: 3.8 | T19: 56 | U19: 110867.23 | V19: 124725.98 | W19: =((V19-U19)/V19)*100 -> 11.111358 | X19: =IF(W19>0,"Yes","No") -> Yes | Y19: 14748.48 | Z19: 29-09-2026 | AB19: https://m.media-amazon.com/images/I/711XuaEUR5L._AC_UY218_.jpg | AC19: https://www.amazon.com/Gaming-Laptop-Office-Windows-Laptops/dp/B0H947WPTC/ref=sr_1_33?crid=3LC9VL11Q1Y6Z&dib=eyJ2IjoiMSJ9.ugoRDgk6CPUHAO-vuB2wI78pO390UDdb6RIU-aabDt5oU4otZYiGUnN6i_3bTOJjtcS38F6V6MAp5orniGxaedyNOGAYlDK7d99c9ucqP2kacaNCFHiHGfY9UEeOjwzul9iF8cSC9UucU8Gs5GLNy7FQ0V8OzIpdhNU--RElP62tW8GL2hHkxWv1CovRPUE2ikPC0MLd9pFvg58mnuxLOGLRhpXKRp64sVad5ICo7pE.-xmc_AxVrBglQX_RvSgqSLCabFYrz8FXomxgbbeGO4o&dib_tag=se&keywords=gaming+laptops&qid=1789819887&sprefix=%2Caps%2C392&sr=8-33&xpid=MMcXVFo9VX50C
A20: Lenovo IdeaPad Pro 5-2025 - 16" OLED 2880 x 1800 120Hz Display - 16GB - 1 TB Storage - Ryzen AI 7 350 - NVIDIA GeForce RTX5050 - Windows 11 Home - Luna Grey | B20: Lenovo | C20: IdeaPad Pro 5 | D20: =IF(OR(ISNUMBER(SEARCH("charger",A20)),ISNUMBER(SEARCH("cable",A20)),ISNUMBER(SEARCH("adapter",A20)),ISNUMBER(SEARCH("dock",A20)),ISNUMBER(SEARCH("replacement",A20))),"Accessory / Other",IF(OR(J20="Dedicated",ISNUMBER(SEARCH("rtx",J20&" "&K20)),ISNUMBER(SEARCH("gtx",J20&" "&K20)),ISNUMBER(SEARCH("rx 5",J20&" "&K20)),ISNUMBER(SEARCH("rx 6",J20&" "&K20)),ISNUMBER(SEARCH("rx 7",J20&" "&K20)),ISNUMBER(SEARCH("rx 8",J20&" "&K20)),ISNUMBER(SEARCH("rx 9",J20&" "&K20)),AND(IFERROR(N20>=120,FALSE),ISNUMBER(SEARCH("gaming",A20&" "&C20)))),"Gaming",IF(OR(ISNUMBER(SEARCH("thinkpad",C20)),ISNUMBER(SEARCH("latitude",C20)),ISNUMBER(SEARCH("probook",C20)),ISNUMBER(SEARCH("elitebook",C20)),ISNUMBER(SEARCH("office",A20&" "&Q20)),ISNUMBER(SEARCH("business",A20&" "&Q20)),AND(ISNUMBER(SEARCH("windows 11 pro",I20)),J20="Integrated")),"Office / Business",IF(OR(ISNUMBER(SEARCH("creator",A20&" "&Q20)),ISNUMBER(SEARCH("studio",A20&" "&C20)),ISNUMBER(SEARCH("workstation",A20&" "&C20)),ISNUMBER(SEARCH("precision",A20&" "&C20)),ISNUMBER(SEARCH("zbook",A20&" "&C20))),"Creator / Professional","Normal Use")))) -> Gaming | E20: 16 | F20: Ryzen 7 | G20: 16 | H20: 1000 | I20: Windows 11 Home | J20: Dedicated | K20: NVIDIA GeForce RTX5050 | L20: 2880 x 1800 | M20: OLED | N20: 120 | O20: Not Provided | P20: Luna Grey | Q20: OLED 120Hz Display | R20: Not Provided | S20: 3.6 | T20: 30 | U20: 304615.32 | V20: 304615.32 | W20: =((V20-U20)/V20)*100 -> 0 | X20: =IF(W20>0,"Yes","No") -> No | Y20: 27448.64 | Z20: 29-09-2026 | AB20: https://m.media-amazon.com/images/I/71kyi296+RL._AC_UY218_.jpg | AC20: https://www.amazon.com/Lenovo-IdeaPad-Pro-5-2025-Display/dp/B0DTBFNLCJ/ref=sr_1_34?crid=3LC9VL11Q1Y6Z&dib=eyJ2IjoiMSJ9.ugoRDgk6CPUHAO-vuB2wI78pO390UDdb6RIU-aabDt5oU4otZYiGUnN6i_3bTOJjtcS38F6V6MAp5orniGxaedyNOGAYlDK7d99c9ucqP2kacaNCFHiHGfY9UEeOjwzul9iF8cSC9UucU8Gs5GLNy7FQ0V8OzIpdhNU--RElP62tW8GL2hHkxWv1CovRPUE2ikPC0MLd9pFvg58mnuxLOGLRhpXKRp64sVad5ICo7pE.-xmc_AxVrBglQX_RvSgqSLCabFYrz8FXomxgbbeGO4o&dib_tag=se&keywords=gaming+laptops&qid=1789819887&sprefix=%2Caps%2C392&sr=8-34&xpid=MMcXVFo9VX50C
A21: Lenovo Legion 5i – Gaming Laptop - Intel® Core™ i7-14700HX - 15" 2.5K WQXGA PureSight OLED Display–165Hz Refresh Rate–NVIDIA® GeForce RTX™ 5070 – 16 GB – 1 TB Storage – 3 Months of PC GamePass | B21: Lenovo | C21: Legion 5i | D21: =IF(OR(ISNUMBER(SEARCH("charger",A21)),ISNUMBER(SEARCH("cable",A21)),ISNUMBER(SEARCH("adapter",A21)),ISNUMBER(SEARCH("dock",A21)),ISNUMBER(SEARCH("replacement",A21))),"Accessory / Other",IF(OR(J21="Dedicated",ISNUMBER(SEARCH("rtx",J21&" "&K21)),ISNUMBER(SEARCH("gtx",J21&" "&K21)),ISNUMBER(SEARCH("rx 5",J21&" "&K21)),ISNUMBER(SEARCH("rx 6",J21&" "&K21)),ISNUMBER(SEARCH("rx 7",J21&" "&K21)),ISNUMBER(SEARCH("rx 8",J21&" "&K21)),ISNUMBER(SEARCH("rx 9",J21&" "&K21)),AND(IFERROR(N21>=120,FALSE),ISNUMBER(SEARCH("gaming",A21&" "&C21)))),"Gaming",IF(OR(ISNUMBER(SEARCH("thinkpad",C21)),ISNUMBER(SEARCH("latitude",C21)),ISNUMBER(SEARCH("probook",C21)),ISNUMBER(SEARCH("elitebook",C21)),ISNUMBER(SEARCH("office",A21&" "&Q21)),ISNUMBER(SEARCH("business",A21&" "&Q21)),AND(ISNUMBER(SEARCH("windows 11 pro",I21)),J21="Integrated")),"Office / Business",IF(OR(ISNUMBER(SEARCH("creator",A21&" "&Q21)),ISNUMBER(SEARCH("studio",A21&" "&C21)),ISNUMBER(SEARCH("workstation",A21&" "&C21)),ISNUMBER(SEARCH("precision",A21&" "&C21)),ISNUMBER(SEARCH("zbook",A21&" "&C21))),"Creator / Professional","Normal Use")))) -> Gaming | E21: 15.1 | F21: Core i7 | G21: 16 | H21: 1000 | I21: Windows 11 Home | J21: Dedicated | K21: NVIDIA GeForce RTX 5070 | L21: 2.5K | M21: WQXGA | N21: 165 | O21: Not Provided | P21: Eclipse Black | Q21: Backlit Keyboard | HD Audio | Wifi | R21: Not Provided | S21: 4.3 | T21: 97 | U21: 527821.58 | V21: 527821.58 | W21: =((V21-U21)/V21)*100 -> 0 | X21: =IF(W21>0,"Yes","No") -> No | Y21: 21112.42 | Z21: 29-09-2026 | AB21: https://m.media-amazon.com/images/I/81fcgC6vlsL._AC_UY218_.jpg | AC21: https://www.amazon.com/Lenovo-Legion-i7-14700HX-Display-165Hz-Rate-NVIDIA%C2%AE/dp/B0F6NRYPPG/ref=sr_1_35?crid=3LC9VL11Q1Y6Z&dib=eyJ2IjoiMSJ9.ugoRDgk6CPUHAO-vuB2wI78pO390UDdb6RIU-aabDt5oU4otZYiGUnN6i_3bTOJjtcS38F6V6MAp5orniGxaedyNOGAYlDK7d99c9ucqP2kacaNCFHiHGfY9UEeOjwzul9iF8cSC9UucU8Gs5GLNy7FQ0V8OzIpdhNU--RElP62tW8GL2hHkxWv1CovRPUE2ikPC0MLd9pFvg58mnuxLOGLRhpXKRp64sVad5ICo7pE.-xmc_AxVrBglQX_RvSgqSLCabFYrz8FXomxgbbeGO4o&dib_tag=se&keywords=gaming+laptops&qid=1789819887&sprefix=%2Caps%2C392&sr=8-35&xpid=MMcXVFo9VX50C
A22: msi Katana 15 HX 15.6" 165Hz QHD+ Gaming Laptop: Intel Core i9-14900HX, NVIDIA Geforce RTX 5070, 32GB DDR5, 1TB NVMe SSD, RGB Keyboard, Win 11 Home: Black B14WGK-016US | B22: msi | C22: Katana 15 HX B14WGK-016US | D22: =IF(OR(ISNUMBER(SEARCH("charger",A22)),ISNUMBER(SEARCH("cable",A22)),ISNUMBER(SEARCH("adapter",A22)),ISNUMBER(SEARCH("dock",A22)),ISNUMBER(SEARCH("replacement",A22))),"Accessory / Other",IF(OR(J22="Dedicated",ISNUMBER(SEARCH("rtx",J22&" "&K22)),ISNUMBER(SEARCH("gtx",J22&" "&K22)),ISNUMBER(SEARCH("rx 5",J22&" "&K22)),ISNUMBER(SEARCH("rx 6",J22&" "&K22)),ISNUMBER(SEARCH("rx 7",J22&" "&K22)),ISNUMBER(SEARCH("rx 8",J22&" "&K22)),ISNUMBER(SEARCH("rx 9",J22&" "&K22)),AND(IFERROR(N22>=120,FALSE),ISNUMBER(SEARCH("gaming",A22&" "&C22)))),"Gaming",IF(OR(ISNUMBER(SEARCH("thinkpad",C22)),ISNUMBER(SEARCH("latitude",C22)),ISNUMBER(SEARCH("probook",C22)),ISNUMBER(SEARCH("elitebook",C22)),ISNUMBER(SEARCH("office",A22&" "&Q22)),ISNUMBER(SEARCH("business",A22&" "&Q22)),AND(ISNUMBER(SEARCH("windows 11 pro",I22)),J22="Integrated")),"Office / Business",IF(OR(ISNUMBER(SEARCH("creator",A22&" "&Q22)),ISNUMBER(SEARCH("studio",A22&" "&C22)),ISNUMBER(SEARCH("workstation",A22&" "&C22)),ISNUMBER(SEARCH("precision",A22&" "&C22)),ISNUMBER(SEARCH("zbook",A22&" "&C22))),"Creator / Professional","Normal Use")))) -> Gaming | E22: 15.6 | F22: Core i9 | G22: 32 | H22: 1000 | I22: Windows 11 Home | J22: RTX 5070 | K22: NVIDIA Geforce RTX 5070 | L22: QHD | M22: QHD+ | N22: 165 | O22: Not Provided | P22: Black | Q22: Backlit Keyboard | HD Audio | R22: Not Provided | S22: 4 | T22: 348 | U22: 629251 | V22: 629251 | W22: =((V22-U22)/V22)*100 -> 0 | X22: =IF(W22>0,"Yes","No") -> No | Y22: 24225.1 | Z22: 29-09-2026 | AB22: https://m.media-amazon.com/images/I/71TvKdAmIjL._AC_UY218_.jpg | AC22: https://www.amazon.com/Katana-15-6-165Hz-Gaming-Laptop/dp/B0DZFVBQLK/ref=sr_1_36?crid=3LC9VL11Q1Y6Z&dib=eyJ2IjoiMSJ9.ugoRDgk6CPUHAO-vuB2wI78pO390UDdb6RIU-aabDt5oU4otZYiGUnN6i_3bTOJjtcS38F6V6MAp5orniGxaedyNOGAYlDK7d99c9ucqP2kacaNCFHiHGfY9UEeOjwzul9iF8cSC9UucU8Gs5GLNy7FQ0V8OzIpdhNU--RElP62tW8GL2hHkxWv1CovRPUE2ikPC0MLd9pFvg58mnuxLOGLRhpXKRp64sVad5ICo7pE.-xmc_AxVrBglQX_RvSgqSLCabFYrz8FXomxgbbeGO4o&dib_tag=se&keywords=gaming+laptops&qid=1789819887&sprefix=%2Caps%2C392&sr=8-36&xpid=MMcXVFo9VX50C
A23: Lenovo Legion LOQ AI-Powered Gaming Laptop - Intel Core i7-13650HX, 15.6" FHD IPS 144Hz Display, GeForce RTX 5050, 16GB , 1TB Storage, G-Sync, Luna Grey | B23: Lenovo | C23: Legion LOQ AI-Powered | D23: =IF(OR(ISNUMBER(SEARCH("charger",A23)),ISNUMBER(SEARCH("cable",A23)),ISNUMBER(SEARCH("adapter",A23)),ISNUMBER(SEARCH("dock",A23)),ISNUMBER(SEARCH("replacement",A23))),"Accessory / Other",IF(OR(J23="Dedicated",ISNUMBER(SEARCH("rtx",J23&" "&K23)),ISNUMBER(SEARCH("gtx",J23&" "&K23)),ISNUMBER(SEARCH("rx 5",J23&" "&K23)),ISNUMBER(SEARCH("rx 6",J23&" "&K23)),ISNUMBER(SEARCH("rx 7",J23&" "&K23)),ISNUMBER(SEARCH("rx 8",J23&" "&K23)),ISNUMBER(SEARCH("rx 9",J23&" "&K23)),AND(IFERROR(N23>=120,FALSE),ISNUMBER(SEARCH("gaming",A23&" "&C23)))),"Gaming",IF(OR(ISNUMBER(SEARCH("thinkpad",C23)),ISNUMBER(SEARCH("latitude",C23)),ISNUMBER(SEARCH("probook",C23)),ISNUMBER(SEARCH("elitebook",C23)),ISNUMBER(SEARCH("office",A23&" "&Q23)),ISNUMBER(SEARCH("business",A23&" "&Q23)),AND(ISNUMBER(SEARCH("windows 11 pro",I23)),J23="Integrated")),"Office / Business",IF(OR(ISNUMBER(SEARCH("creator",A23&" "&Q23)),ISNUMBER(SEARCH("studio",A23&" "&C23)),ISNUMBER(SEARCH("workstation",A23&" "&C23)),ISNUMBER(SEARCH("precision",A23&" "&C23)),ISNUMBER(SEARCH("zbook",A23&" "&C23))),"Creator / Professional","Normal Use")))) -> Gaming | F23: Intel Core i7-13650HX | G23: 16 | H23: 16 | I23: Not Provided | J23: GeForce RTX 5050 | K23: GeForce RTX 5050 | L23: FHD | M23: FHD | N23: 144 | O23: Not Provided | P23: Grey | Q23: G-Sync | IPS | R23: Not Provided | S23: 4.3 | T23: 108 | U23: 422689.1 | V23: 422689.1 | W23: =((V23-U23)/V23)*100 -> 0 | X23: =IF(W23>0,"Yes","No") -> No | Y23: 22426.23 | Z23: 29-09-2026 | AB23: https://m.media-amazon.com/images/I/813oYBqM4GL._AC_UY218_.jpg | AC23: https://www.amazon.com/sspa/click?ie=UTF8&spc=MToxMDM2NjU2NzcwMzIwNDU2OjE3ODk4MTk4ODc6c3BfYnRmOjMwMTIzMDcxMjQ4MDYwMjo6MDo6&url=%2FLenovo-Legion-AI-Powered-Gaming-Laptop%2Fdp%2FB0FY77GFRN%2Fref%3Dsr_1_37_sspa%3Fcrid%3D3LC9VL11Q1Y6Z%26dib%3DeyJ2IjoiMSJ9.ugoRDgk6CPUHAO-vuB2wI78pO390UDdb6RIU-aabDt5oU4otZYiGUnN6i_3bTOJjtcS38F6V6MAp5orniGxaedyNOGAYlDK7d99c9ucqP2kacaNCFHiHGfY9UEeOjwzul9iF8cSC9UucU8Gs5GLNy7FQ0V8OzIpdhNU--RElP62tW8GL2hHkxWv1CovRPUE2ikPC0MLd9pFvg58mnuxLOGLRhpXKRp64sVad5ICo7pE.-xmc_AxVrBglQX_RvSgqSLCabFYrz8FXomxgbbeGO4o%26dib_tag%3Dse%26keywords%3Dgaming%2Blaptops%26qid%3D1789819887%26sprefix%3D%252Caps%252C392%26sr%3D8-37-spons%26xpid%3DMMcXVFo9VX50C%26sp_csd%3Dd2lkZ2V0TmFtZT1zcF9idGY%26psc%3D1
A24: Lenovo Legion 5i – Gaming Laptop - Intel® Core™ i7-14700HX - 15" 2.5K WQXGA PureSight OLED Display–165Hz Refresh Rate–NVIDIA® GeForce RTX™ 5070 – 16 GB – 1 TB Storage – 3 Months of PC GamePass | B24: Lenovo | C24: Legion 5i – | D24: =IF(OR(ISNUMBER(SEARCH("charger",A24)),ISNUMBER(SEARCH("cable",A24)),ISNUMBER(SEARCH("adapter",A24)),ISNUMBER(SEARCH("dock",A24)),ISNUMBER(SEARCH("replacement",A24))),"Accessory / Other",IF(OR(J24="Dedicated",ISNUMBER(SEARCH("rtx",J24&" "&K24)),ISNUMBER(SEARCH("gtx",J24&" "&K24)),ISNUMBER(SEARCH("rx 5",J24&" "&K24)),ISNUMBER(SEARCH("rx 6",J24&" "&K24)),ISNUMBER(SEARCH("rx 7",J24&" "&K24)),ISNUMBER(SEARCH("rx 8",J24&" "&K24)),ISNUMBER(SEARCH("rx 9",J24&" "&K24)),AND(IFERROR(N24>=120,FALSE),ISNUMBER(SEARCH("gaming",A24&" "&C24)))),"Gaming",IF(OR(ISNUMBER(SEARCH("thinkpad",C24)),ISNUMBER(SEARCH("latitude",C24)),ISNUMBER(SEARCH("probook",C24)),ISNUMBER(SEARCH("elitebook",C24)),ISNUMBER(SEARCH("office",A24&" "&Q24)),ISNUMBER(SEARCH("business",A24&" "&Q24)),AND(ISNUMBER(SEARCH("windows 11 pro",I24)),J24="Integrated")),"Office / Business",IF(OR(ISNUMBER(SEARCH("creator",A24&" "&Q24)),ISNUMBER(SEARCH("studio",A24&" "&C24)),ISNUMBER(SEARCH("workstation",A24&" "&C24)),ISNUMBER(SEARCH("precision",A24&" "&C24)),ISNUMBER(SEARCH("zbook",A24&" "&C24))),"Creator / Professional","Normal Use")))) -> Gaming | F24: Intel Core i7-14700HX - 15 | G24: 16 | H24: 16 | I24: Not Provided | J24: NVIDIA GeForce RTX 5070 | K24: NVIDIA GeForce RTX 5070 | L24: 2.5K | M24: WQXGA | N24: 165 | O24: Not Provided | P24: Not Provided | Q24: OLED | R24: Not Provided | S24: 4.3 | T24: 97 | U24: 527821.58 | V24: 527821.58 | W24: =((V24-U24)/V24)*100 -> 0 | X24: =IF(W24>0,"Yes","No") -> No | Y24: 21112.42 | Z24: 29-09-2026 | AB24: https://m.media-amazon.com/images/I/81fcgC6vlsL._AC_UY218_.jpg | AC24: https://www.amazon.com/sspa/click?ie=UTF8&spc=MToxMDM2NjU2NzcwMzIwNDU2OjE3ODk4MTk4ODc6c3BfYnRmOjMwMTIyOTg3NDYxMjEwMjo6MDo6&url=%2FLenovo-Legion-i7-14700HX-Display-165Hz-Rate-NVIDIA%25C2%25AE%2Fdp%2FB0F6NRYPPG%2Fref%3Dsr_1_38_sspa%3Fcrid%3D3LC9VL11Q1Y6Z%26dib%3DeyJ2IjoiMSJ9.ugoRDgk6CPUHAO-vuB2wI78pO390UDdb6RIU-aabDt5oU4otZYiGUnN6i_3bTOJjtcS38F6V6MAp5orniGxaedyNOGAYlDK7d99c9ucqP2kacaNCFHiHGfY9UEeOjwzul9iF8cSC9UucU8Gs5GLNy7FQ0V8OzIpdhNU--RElP62tW8GL2hHkxWv1CovRPUE2ikPC0MLd9pFvg58mnuxLOGLRhpXKRp64sVad5ICo7pE.-xmc_AxVrBglQX_RvSgqSLCabFYrz8FXomxgbbeGO4o%26dib_tag%3Dse%26keywords%3Dgaming%2Blaptops%26qid%3D1789819887%26sprefix%3D%252Caps%252C392%26sr%3D8-38-spons%26xpid%3DMMcXVFo9VX50C%26sp_csd%3Dd2lkZ2V0TmFtZT1zcF9idGY%26psc%3D1
B25: Not Provided | C25: Not Provided | D25: =IF(OR(ISNUMBER(SEARCH("charger",A25)),ISNUMBER(SEARCH("cable",A25)),ISNUMBER(SEARCH("adapter",A25)),ISNUMBER(SEARCH("dock",A25)),ISNUMBER(SEARCH("replacement",A25))),"Accessory / Other",IF(OR(J25="Dedicated",ISNUMBER(SEARCH("rtx",J25&" "&K25)),ISNUMBER(SEARCH("gtx",J25&" "&K25)),ISNUMBER(SEARCH("rx 5",J25&" "&K25)),ISNUMBER(SEARCH("rx 6",J25&" "&K25)),ISNUMBER(SEARCH("rx 7",J25&" "&K25)),ISNUMBER(SEARCH("rx 8",J25&" "&K25)),ISNUMBER(SEARCH("rx 9",J25&" "&K25)),AND(IFERROR(N25>=120,FALSE),ISNUMBER(SEARCH("gaming",A25&" "&C25)))),"Gaming",IF(OR(ISNUMBER(SEARCH("thinkpad",C25)),ISNUMBER(SEARCH("latitude",C25)),ISNUMBER(SEARCH("probook",C25)),ISNUMBER(SEARCH("elitebook",C25)),ISNUMBER(SEARCH("office",A25&" "&Q25)),ISNUMBER(SEARCH("business",A25&" "&Q25)),AND(ISNUMBER(SEARCH("windows 11 pro",I25)),J25="Integrated")),"Office / Business",IF(OR(ISNUMBER(SEARCH("creator",A25&" "&Q25)),ISNUMBER(SEARCH("studio",A25&" "&C25)),ISNUMBER(SEARCH("workstation",A25&" "&C25)),ISNUMBER(SEARCH("precision",A25&" "&C25)),ISNUMBER(SEARCH("zbook",A25&" "&C25))),"Creator / Professional","Normal Use")))) -> Normal Use | F25: Not Provided | I25: Not Provided | J25: Not Provided | K25: Not Provided | L25: Not Provided | M25: Not Provided | O25: Not Provided | P25: Not Provided | R25: Not Provided | S25: 4.3 | T25: 97 | U25: 527821.58 | V25: 221737.23 | W25: =((V25-U25)/V25)*100 -> -138.03922 | X25: =IF(W25>0,"Yes","No") -> No | Y25: 21112.42 | Z25: 29-09-2026 | AC25: https://www.amazon.com/sspa/click?ie=UTF8&spc=MToxODI5NDQwODUwMjE2MDg4OjE3ODk4MTk4ODc6c3Bfc2VhcmNoX3RoZW1hdGljX2J0ZjozMDEyMjk4NzQ2MTIxMDI6OjA6Og&url=%2FLenovo-Legion-i7-14700HX-Display-165Hz-Rate-NVIDIA%25C2%25AE%2Fdp%2FB0F6NRYPPG%2Fref%3Dsxbs_pa_sp_search_thematic_btf_sspa%3Fcontent-id%3Damzn1.sym.265ca31e-ac46-48b3-bd6c-07361db7a8ba%253Aamzn1.sym.265ca31e-ac46-48b3-bd6c-07361db7a8ba%26crid%3D3LC9VL11Q1Y6Z%26cv_ct_cx%3Dgaming%2Blaptops%26keywords%3Dgaming%2Blaptops%26pd_rd_i%3DB0F6NRYPPG%26pd_rd_r%3Da7b5e169-358b-45a7-9b16-1af917f71ab6%26pd_rd_w%3DU7lOp%26pd_rd_wg%3DMGfGM%26pf_rd_p%3D265ca31e-ac46-48b3-bd6c-07361db7a8ba%26pf_rd_r%3DWWP4F11RP569E3J953MC%26qid%3D1789819887%26sbo%3DRZvfv%252F%252FHxDF%252BO5021pAnSA%253D%253D%26sprefix%3D%252Caps%252C392%26sr%3D1-17-4c3ee5d8-c4ea-4c3c-8cf4-b8be2ae560c7-spons%26xpid%3DMMcXVFo9VX50C%26aref%3DzOVuCtIHuO%26sp_csd%3Dd2lkZ2V0TmFtZT1zcF9zZWFyY2hfdGhlbWF0aWNfYnRm%26psc%3D1&aref=zOVuCtIHuO
A26: msi Crosshair A16 HX 16" QHD+ 240Hz Gaming Laptop – AMD Ryzen 9 8940HX, NVIDIA GeForce RTX 5060, 16GB DDR5, 1TB NVMe SSD, Wi-Fi 6E, USB-C, Windows 11 D8WFKG-090US | B26: msi | C26: Crosshair A16 HX D8WFKG-090US | D26: =IF(OR(ISNUMBER(SEARCH("charger",A26)),ISNUMBER(SEARCH("cable",A26)),ISNUMBER(SEARCH("adapter",A26)),ISNUMBER(SEARCH("dock",A26)),ISNUMBER(SEARCH("replacement",A26))),"Accessory / Other",IF(OR(J26="Dedicated",ISNUMBER(SEARCH("rtx",J26&" "&K26)),ISNUMBER(SEARCH("gtx",J26&" "&K26)),ISNUMBER(SEARCH("rx 5",J26&" "&K26)),ISNUMBER(SEARCH("rx 6",J26&" "&K26)),ISNUMBER(SEARCH("rx 7",J26&" "&K26)),ISNUMBER(SEARCH("rx 8",J26&" "&K26)),ISNUMBER(SEARCH("rx 9",J26&" "&K26)),AND(IFERROR(N26>=120,FALSE),ISNUMBER(SEARCH("gaming",A26&" "&C26)))),"Gaming",IF(OR(ISNUMBER(SEARCH("thinkpad",C26)),ISNUMBER(SEARCH("latitude",C26)),ISNUMBER(SEARCH("probook",C26)),ISNUMBER(SEARCH("elitebook",C26)),ISNUMBER(SEARCH("office",A26&" "&Q26)),ISNUMBER(SEARCH("business",A26&" "&Q26)),AND(ISNUMBER(SEARCH("windows 11 pro",I26)),J26="Integrated")),"Office / Business",IF(OR(ISNUMBER(SEARCH("creator",A26&" "&Q26)),ISNUMBER(SEARCH("studio",A26&" "&C26)),ISNUMBER(SEARCH("workstation",A26&" "&C26)),ISNUMBER(SEARCH("precision",A26&" "&C26)),ISNUMBER(SEARCH("zbook",A26&" "&C26))),"Creator / Professional","Normal Use")))) -> Gaming | E26: 16 | F26: Ryzen 9 | G26: 16 | H26: 1000 | I26: Windows 11 Home | J26: RTX 5060 | K26: NVIDIA GeForce RTX 5060 | L26: QHD | M26: QHD+ | N26: 240 | O26: Not Provided | P26: Gray | Q26: Backlit Keyboard | Fingerprint Reader | R26: Wi-Fi 6E | USB-C | S26: 3.9 | T26: 39 | U26: 442368.53 | V26: 442368.53 | W26: =((V26-U26)/V26)*100 -> 0 | X26: =IF(W26>0,"Yes","No") -> No | Y26: 24859.83 | Z26: 46300 | AB26: https://m.media-amazon.com/images/I/713DKBgz+2L._AC_UY218_.jpg | AC26: https://www.amazon.com/msi-Crosshair-240Hz-Gaming-Laptop/dp/B0FRB5KC3P/ref=sr_1_35?crid=3LC9VL11Q1Y6Z&dib=eyJ2IjoiMSJ9.n3cPJO3eToUpiiGQhSJpq1DgrcJQuDiB0lcqnXl3oK9Igynm3aoo5uUlYf3QXvYjlxofPhc5Ij-VN4HYFs6GN_y1BNGzHBA7pvHsBex6APE0RdpZryji9OuEJac6A2dgimh1Ivfg831Tn3hwVWflk-VBoJL4p2-YjarS0FSOOqVj6S8VLZTKd2GUpfD7n8-RcZxGc_D2khQBfuo8cX45U18VQCPm_0FxLC7z6BPzQmw.QsC7ZWgqPHRR_7XjhcBJY6kfvY52rUBOAISBfpejyo4&dib_tag=se&keywords=gaming+laptops&qid=1789819977&sprefix=%2Caps%2C392&sr=8-35&xpid=MMcXVFo9VX50C
A27: ASUS ROG Strix SCAR 18 (2025) Gaming Laptop, 18" ROG Nebula HDR 16:10 2.5K 240Hz/3ms, NVIDIA GeForce RTX 5090, Intel Core Ultra 9 275HX, 32GB DDR5, 2TB PCIe Gen 4 SSD, Wi-Fi 7, Win 11 Pro, G835LX-XS97 | B27: ASUS | C27: ROG Strix SCAR 18 | D27: =IF(OR(ISNUMBER(SEARCH("charger",A27)),ISNUMBER(SEARCH("cable",A27)),ISNUMBER(SEARCH("adapter",A27)),ISNUMBER(SEARCH("dock",A27)),ISNUMBER(SEARCH("replacement",A27))),"Accessory / Other",IF(OR(J27="Dedicated",ISNUMBER(SEARCH("rtx",J27&" "&K27)),ISNUMBER(SEARCH("gtx",J27&" "&K27)),ISNUMBER(SEARCH("rx 5",J27&" "&K27)),ISNUMBER(SEARCH("rx 6",J27&" "&K27)),ISNUMBER(SEARCH("rx 7",J27&" "&K27)),ISNUMBER(SEARCH("rx 8",J27&" "&K27)),ISNUMBER(SEARCH("rx 9",J27&" "&K27)),AND(IFERROR(N27>=120,FALSE),ISNUMBER(SEARCH("gaming",A27&" "&C27)))),"Gaming",IF(OR(ISNUMBER(SEARCH("thinkpad",C27)),ISNUMBER(SEARCH("latitude",C27)),ISNUMBER(SEARCH("probook",C27)),ISNUMBER(SEARCH("elitebook",C27)),ISNUMBER(SEARCH("office",A27&" "&Q27)),ISNUMBER(SEARCH("business",A27&" "&Q27)),AND(ISNUMBER(SEARCH("windows 11 pro",I27)),J27="Integrated")),"Office / Business",IF(OR(ISNUMBER(SEARCH("creator",A27&" "&Q27)),ISNUMBER(SEARCH("studio",A27&" "&C27)),ISNUMBER(SEARCH("workstation",A27&" "&C27)),ISNUMBER(SEARCH("precision",A27&" "&C27)),ISNUMBER(SEARCH("zbook",A27&" "&C27))),"Creator / Professional","Normal Use")))) -> Gaming | E27: 18 | F27: Intel Core Ultra 9 | G27: 32 | H27: 2000 | I27: Windows 11 Pro | J27: Dedicated | K27: NVIDIA GeForce RTX 5090 | L27: 2.5K | M27: Not Provided | N27: 240 | O27: Not Provided | P27: Black | Q27: AniMe Vision | ROG Intelligent Cooling | ROG Nebula HDR Display | Tool-Less Access | R27: Wi-Fi 7 | S27: 3.8 | T27: 43 | U27: 1247284.7 | V27: 1247284.7 | W27: =((V27-U27)/V27)*100 -> 0 | X27: =IF(W27>0,"Yes","No") -> No | Y27: 31165.56 | Z27: 29-09-2026 | AB27: https://m.media-amazon.com/images/I/71GhOCogx0L._AC_UY218_.jpg | AC27: https://www.amazon.com/ASUS-Strix-Gaming-Laptop-Nebula/dp/B0DW1WX8H2/ref=sr_1_39?crid=3LC9VL11Q1Y6Z&dib=eyJ2IjoiMSJ9.n3cPJO3eToUpiiGQhSJpq1DgrcJQuDiB0lcqnXl3oK9Igynm3aoo5uUlYf3QXvYjlxofPhc5Ij-VN4HYFs6GN_y1BNGzHBA7pvHsBex6APE0RdpZryji9OuEJac6A2dgimh1Ivfg831Tn3hwVWflk-VBoJL4p2-YjarS0FSOOqVj6S8VLZTKd2GUpfD7n8-RcZxGc_D2khQBfuo8cX45U18VQCPm_0FxLC7z6BPzQmw.QsC7ZWgqPHRR_7XjhcBJY6kfvY52rUBOAISBfpejyo4&dib_tag=se&keywords=gaming+laptops&qid=1789819977&sprefix=%2Caps%2C392&sr=8-39&xpid=MMcXVFo9VX50C
A28: ASUS ROG Strix G16 (2025) Gaming Laptop, 16" FHD+ 16:10 165Hz/3ms, NVIDIA® GeForce RTX™ 5050, Intel® Core™ i5-13450HX, 16GB DDR5-5600, 1TB PCIe Gen 4 SSD, Wi-Fi 7, Windows 11 Home, G615JH-DS54 | B28: ASUS | C28: Strix G16 | D28: =IF(OR(ISNUMBER(SEARCH("charger",A28)),ISNUMBER(SEARCH("cable",A28)),ISNUMBER(SEARCH("adapter",A28)),ISNUMBER(SEARCH("dock",A28)),ISNUMBER(SEARCH("replacement",A28))),"Accessory / Other",IF(OR(J28="Dedicated",ISNUMBER(SEARCH("rtx",J28&" "&K28)),ISNUMBER(SEARCH("gtx",J28&" "&K28)),ISNUMBER(SEARCH("rx 5",J28&" "&K28)),ISNUMBER(SEARCH("rx 6",J28&" "&K28)),ISNUMBER(SEARCH("rx 7",J28&" "&K28)),ISNUMBER(SEARCH("rx 8",J28&" "&K28)),ISNUMBER(SEARCH("rx 9",J28&" "&K28)),AND(IFERROR(N28>=120,FALSE),ISNUMBER(SEARCH("gaming",A28&" "&C28)))),"Gaming",IF(OR(ISNUMBER(SEARCH("thinkpad",C28)),ISNUMBER(SEARCH("latitude",C28)),ISNUMBER(SEARCH("probook",C28)),ISNUMBER(SEARCH("elitebook",C28)),ISNUMBER(SEARCH("office",A28&" "&Q28)),ISNUMBER(SEARCH("business",A28&" "&Q28)),AND(ISNUMBER(SEARCH("windows 11 pro",I28)),J28="Integrated")),"Office / Business",IF(OR(ISNUMBER(SEARCH("creator",A28&" "&Q28)),ISNUMBER(SEARCH("studio",A28&" "&C28)),ISNUMBER(SEARCH("workstation",A28&" "&C28)),ISNUMBER(SEARCH("precision",A28&" "&C28)),ISNUMBER(SEARCH("zbook",A28&" "&C28))),"Creator / Professional","Normal Use")))) -> Gaming | E28: 16 | F28: Core i5 | G28: 16 | H28: 1000 | I28: Windows 11 Home | J28: 4.6 GHz | K28: NVIDIA GeForce RTX 5050 | L28: FHD | M28: FHD+ | N28: 165 | O28: Not Provided | P28: Eclipse Gray | Q28: Dedicated | R28: Wi-Fi 7 | S28: 4.6 | T28: 58 | U28: 374183.48 | V28: 374183.48 | W28: =((V28-U28)/V28)*100 -> 0 | X28: =IF(W28>0,"Yes","No") -> No | Y28: 26021.19 | Z28: 28-09-2026 | AB28: https://m.media-amazon.com/images/I/61LlFyN+B3L._AC_UY218_.jpg | AC28: https://www.amazon.com/ASUS-ROG-Strix-Gaming-Laptop/dp/B0FFJ16XQ9/ref=sr_1_45?crid=3LC9VL11Q1Y6Z&dib=eyJ2IjoiMSJ9.n3cPJO3eToUpiiGQhSJpq1DgrcJQuDiB0lcqnXl3oK9Igynm3aoo5uUlYf3QXvYjlxofPhc5Ij-VN4HYFs6GN_y1BNGzHBA7pvHsBex6APE0RdpZryji9OuEJac6A2dgimh1Ivfg831Tn3hwVWflk-VBoJL4p2-YjarS0FSOOqVj6S8VLZTKd2GUpfD7n8-RcZxGc_D2khQBfuo8cX45U18VQCPm_0FxLC7z6BPzQmw.QsC7ZWgqPHRR_7XjhcBJY6kfvY52rUBOAISBfpejyo4&dib_tag=se&keywords=gaming+laptops&qid=1789819977&sprefix=%2Caps%2C392&sr=8-45&xpid=MMcXVFo9VX50C
A29: 15.6 inch Laptop, Laptops with Celeron N4000, 2025 Gaming Laptop for 8GB LPDDR4 256GB SSD, IPS FHD 1920x1080, WiFi+BT4.2+Mini HDMI+TF Card Slot, Traditional Laptops Computers Convertible 180° Netbook | B29: Tunhail | C29: UL153 | D29: =IF(OR(ISNUMBER(SEARCH("charger",A29)),ISNUMBER(SEARCH("cable",A29)),ISNUMBER(SEARCH("adapter",A29)),ISNUMBER(SEARCH("dock",A29)),ISNUMBER(SEARCH("replacement",A29))),"Accessory / Other",IF(OR(J29="Dedicated",ISNUMBER(SEARCH("rtx",J29&" "&K29)),ISNUMBER(SEARCH("gtx",J29&" "&K29)),ISNUMBER(SEARCH("rx 5",J29&" "&K29)),ISNUMBER(SEARCH("rx 6",J29&" "&K29)),ISNUMBER(SEARCH("rx 7",J29&" "&K29)),ISNUMBER(SEARCH("rx 8",J29&" "&K29)),ISNUMBER(SEARCH("rx 9",J29&" "&K29)),AND(IFERROR(N29>=120,FALSE),ISNUMBER(SEARCH("gaming",A29&" "&C29)))),"Gaming",IF(OR(ISNUMBER(SEARCH("thinkpad",C29)),ISNUMBER(SEARCH("latitude",C29)),ISNUMBER(SEARCH("probook",C29)),ISNUMBER(SEARCH("elitebook",C29)),ISNUMBER(SEARCH("office",A29&" "&Q29)),ISNUMBER(SEARCH("business",A29&" "&Q29)),AND(ISNUMBER(SEARCH("windows 11 pro",I29)),J29="Integrated")),"Office / Business",IF(OR(ISNUMBER(SEARCH("creator",A29&" "&Q29)),ISNUMBER(SEARCH("studio",A29&" "&C29)),ISNUMBER(SEARCH("workstation",A29&" "&C29)),ISNUMBER(SEARCH("precision",A29&" "&C29)),ISNUMBER(SEARCH("zbook",A29&" "&C29))),"Creator / Professional","Normal Use")))) -> Normal Use | E29: 15.6 | F29: Celeron N4000 | G29: 8 | H29: 256 | I29: Not Provided | J29: Integrated | K29: Not Provided | L29: FHD | M29: IPS | O29: Not Provided | P29: Black | R29: HDMI | S29: 3.9 | T29: 61 | U29: 66519.23 | V29: 66519.23 | W29: =((V29-U29)/V29)*100 -> 0 | X29: =IF(W29>0,"Yes","No") -> No | Y29: 17916.59 | Z29: 29-09-2026 | AB29: https://m.media-amazon.com/images/I/711rNCNDeBL._AC_UY218_.jpg | AC29: https://www.amazon.com/256GB-1920x1080-Traditional-Computers-Convertible/dp/B0GY39CQ5Z/ref=sr_1_46?crid=3LC9VL11Q1Y6Z&dib=eyJ2IjoiMSJ9.n3cPJO3eToUpiiGQhSJpq1DgrcJQuDiB0lcqnXl3oK9Igynm3aoo5uUlYf3QXvYjlxofPhc5Ij-VN4HYFs6GN_y1BNGzHBA7pvHsBex6APE0RdpZryji9OuEJac6A2dgimh1Ivfg831Tn3hwVWflk-VBoJL4p2-YjarS0FSOOqVj6S8VLZTKd2GUpfD7n8-RcZxGc_D2khQBfuo8cX45U18VQCPm_0FxLC7z6BPzQmw.QsC7ZWgqPHRR_7XjhcBJY6kfvY52rUBOAISBfpejyo4&dib_tag=se&keywords=gaming+laptops&qid=1789819977&sprefix=%2Caps%2C392&sr=8-46&xpid=MMcXVFo9VX50C
A30: Gaming laptop Core processor (up to 3.40GHz) 16GB 512GB SSD,traditional laptop computers 15.6 Inch FHD Display 1920*1080,with WIFI BT 5.0 Lap top-For Students/Commuters/Business Professionals | B30: YOZISUAN | C30: M3 8100Y | D30: =IF(OR(ISNUMBER(SEARCH("charger",A30)),ISNUMBER(SEARCH("cable",A30)),ISNUMBER(SEARCH("adapter",A30)),ISNUMBER(SEARCH("dock",A30)),ISNUMBER(SEARCH("replacement",A30))),"Accessory / Other",IF(OR(J30="Dedicated",ISNUMBER(SEARCH("rtx",J30&" "&K30)),ISNUMBER(SEARCH("gtx",J30&" "&K30)),ISNUMBER(SEARCH("rx 5",J30&" "&K30)),ISNUMBER(SEARCH("rx 6",J30&" "&K30)),ISNUMBER(SEARCH("rx 7",J30&" "&K30)),ISNUMBER(SEARCH("rx 8",J30&" "&K30)),ISNUMBER(SEARCH("rx 9",J30&" "&K30)),AND(IFERROR(N30>=120,FALSE),ISNUMBER(SEARCH("gaming",A30&" "&C30)))),"Gaming",IF(OR(ISNUMBER(SEARCH("thinkpad",C30)),ISNUMBER(SEARCH("latitude",C30)),ISNUMBER(SEARCH("probook",C30)),ISNUMBER(SEARCH("elitebook",C30)),ISNUMBER(SEARCH("office",A30&" "&Q30)),ISNUMBER(SEARCH("business",A30&" "&Q30)),AND(ISNUMBER(SEARCH("windows 11 pro",I30)),J30="Integrated")),"Office / Business",IF(OR(ISNUMBER(SEARCH("creator",A30&" "&Q30)),ISNUMBER(SEARCH("studio",A30&" "&C30)),ISNUMBER(SEARCH("workstation",A30&" "&C30)),ISNUMBER(SEARCH("precision",A30&" "&C30)),ISNUMBER(SEARCH("zbook",A30&" "&C30))),"Creator / Professional","Normal Use")))) -> Office / Business | E30: 15.6 | F30: Core m3-8100Y | G30: 16 | H30: 512 | I30: Windows 11 Pro | J30: Integrated | K30: Not Provided | L30: FHD | M30: FHD | O30: up to 3.40GHz | P30: Black and Silver | Q30: Privacy Camera | Portable | Card Slot | R30: Not Provided | S30: 3.8 | T30: 23 | U30: 85921.48 | V30: 85921.48 | W30: =((V30-U30)/V30)*100 -> 0 | X30: =IF(W30>0,"Yes","No") -> No | Y30: 17916.59 | Z30: 29-09-2026 | AB30: https://m.media-amazon.com/images/I/71iX2hcAunL._AC_UY218_.jpg | AC30: https://www.amazon.com/processor-traditional-computers-Commuters-Professionals/dp/B0G6482YDW/ref=sr_1_50?crid=3LC9VL11Q1Y6Z&dib=eyJ2IjoiMSJ9.IzCRMK29fcmFw9XuQ4yhl3H7VUIgI_nLILqZNTxU02S2A4igU5tVZ1mAC2liK8LTiAOOw8_HexSkhPWj88KFmpdjpsbXJfGKFAUOQuqPba22FTvaGg-Dp1XNLdaLJHBtnGgd6s7SsO6TF1YjInwpzyh-4dxGNg7I88kjBXNloiQqA3q1NPwrYUhJwIw9AJAxxgN6FoGcNNitc--qpQlfz0iKt91owt6KE6Azyzs_NBw.a0UvLC9HpKWQJVVL-AT38Rdtm3nC6Wg6IukFfcgvIrM&dib_tag=se&keywords=gaming+laptops&qid=1789820054&sprefix=%2Caps%2C392&sr=8-50&xpid=MMcXVFo9VX50C
A31: ASUS TUF Gaming A14 Copilot+ PC Gaming Laptop, 14" WQXGA 16:10 165Hz Display, AMD Ryzen™ AI Max+ 392 Processor, 32GB LPDDR5X, 1TB PCIe® Gen 4.0 SSD, Wi-Fi 6E, Windows 11 Home, FA401, Jaegar Gray | B31: ASUS | C31: Tuf Gaming A14 | D31: =IF(OR(ISNUMBER(SEARCH("charger",A31)),ISNUMBER(SEARCH("cable",A31)),ISNUMBER(SEARCH("adapter",A31)),ISNUMBER(SEARCH("dock",A31)),ISNUMBER(SEARCH("replacement",A31))),"Accessory / Other",IF(OR(J31="Dedicated",ISNUMBER(SEARCH("rtx",J31&" "&K31)),ISNUMBER(SEARCH("gtx",J31&" "&K31)),ISNUMBER(SEARCH("rx 5",J31&" "&K31)),ISNUMBER(SEARCH("rx 6",J31&" "&K31)),ISNUMBER(SEARCH("rx 7",J31&" "&K31)),ISNUMBER(SEARCH("rx 8",J31&" "&K31)),ISNUMBER(SEARCH("rx 9",J31&" "&K31)),AND(IFERROR(N31>=120,FALSE),ISNUMBER(SEARCH("gaming",A31&" "&C31)))),"Gaming",IF(OR(ISNUMBER(SEARCH("thinkpad",C31)),ISNUMBER(SEARCH("latitude",C31)),ISNUMBER(SEARCH("probook",C31)),ISNUMBER(SEARCH("elitebook",C31)),ISNUMBER(SEARCH("office",A31&" "&Q31)),ISNUMBER(SEARCH("business",A31&" "&Q31)),AND(ISNUMBER(SEARCH("windows 11 pro",I31)),J31="Integrated")),"Office / Business",IF(OR(ISNUMBER(SEARCH("creator",A31&" "&Q31)),ISNUMBER(SEARCH("studio",A31&" "&C31)),ISNUMBER(SEARCH("workstation",A31&" "&C31)),ISNUMBER(SEARCH("precision",A31&" "&C31)),ISNUMBER(SEARCH("zbook",A31&" "&C31))),"Creator / Professional","Normal Use")))) -> Gaming | E31: 14 | F31: Ryzen AI Max | G31: 32 | H31: 1000 | I31: Windows 11 Home | J31: Integrated | K31: Not Provided | L31: WQXGA | M31: WQXGA | N31: 165 | O31: Not Provided | P31: Jaegar Gray | Q31: Quad-Channel Unified Design | R31: Wi-Fi 6E | S31: 4.2 | T31: 7 | U31: 516097.08 | V31: 609782.23 | W31: =((V31-U31)/V31)*100 -> 15.363706 | X31: =IF(W31>0,"Yes","No") -> Yes | Y31: 19563.01 | Z31: 29-09-2026 | AB31: https://m.media-amazon.com/images/I/71GnmMYIu8L._AC_UY218_.jpg | AC31: https://www.amazon.com/ASUS-Gaming-Copilot-Laptop-WQXGA/dp/B0GPT6QPXL/ref=sr_1_52?crid=3LC9VL11Q1Y6Z&dib=eyJ2IjoiMSJ9.IzCRMK29fcmFw9XuQ4yhl3H7VUIgI_nLILqZNTxU02S2A4igU5tVZ1mAC2liK8LTiAOOw8_HexSkhPWj88KFmpdjpsbXJfGKFAUOQuqPba22FTvaGg-Dp1XNLdaLJHBtnGgd6s7SsO6TF1YjInwpzyh-4dxGNg7I88kjBXNloiQqA3q1NPwrYUhJwIw9AJAxxgN6FoGcNNitc--qpQlfz0iKt91owt6KE6Azyzs_NBw.a0UvLC9HpKWQJVVL-AT38Rdtm3nC6Wg6IukFfcgvIrM&dib_tag=se&keywords=gaming+laptops&qid=1789820054&sprefix=%2Caps%2C392&sr=8-52&xpid=MMcXVFo9VX50C
A32: Lenovo Legion Pro 7i Gen 10 w/Ultra 9, RTX 5090, 64GB , 2TB,16" OLED | B32: Lenovo | C32: Lenovo | D32: =IF(OR(ISNUMBER(SEARCH("charger",A32)),ISNUMBER(SEARCH("cable",A32)),ISNUMBER(SEARCH("adapter",A32)),ISNUMBER(SEARCH("dock",A32)),ISNUMBER(SEARCH("replacement",A32))),"Accessory / Other",IF(OR(J32="Dedicated",ISNUMBER(SEARCH("rtx",J32&" "&K32)),ISNUMBER(SEARCH("gtx",J32&" "&K32)),ISNUMBER(SEARCH("rx 5",J32&" "&K32)),ISNUMBER(SEARCH("rx 6",J32&" "&K32)),ISNUMBER(SEARCH("rx 7",J32&" "&K32)),ISNUMBER(SEARCH("rx 8",J32&" "&K32)),ISNUMBER(SEARCH("rx 9",J32&" "&K32)),AND(IFERROR(N32>=120,FALSE),ISNUMBER(SEARCH("gaming",A32&" "&C32)))),"Gaming",IF(OR(ISNUMBER(SEARCH("thinkpad",C32)),ISNUMBER(SEARCH("latitude",C32)),ISNUMBER(SEARCH("probook",C32)),ISNUMBER(SEARCH("elitebook",C32)),ISNUMBER(SEARCH("office",A32&" "&Q32)),ISNUMBER(SEARCH("business",A32&" "&Q32)),AND(ISNUMBER(SEARCH("windows 11 pro",I32)),J32="Integrated")),"Office / Business",IF(OR(ISNUMBER(SEARCH("creator",A32&" "&Q32)),ISNUMBER(SEARCH("studio",A32&" "&C32)),ISNUMBER(SEARCH("workstation",A32&" "&C32)),ISNUMBER(SEARCH("precision",A32&" "&C32)),ISNUMBER(SEARCH("zbook",A32&" "&C32))),"Creator / Professional","Normal Use")))) -> Gaming | E32: 16 | F32: Intel Core Ultra 9 | G32: 64 | H32: 2000 | I32: Windows 11 Home | J32: Dedicated | K32: RTX 5090 | L32: Not Provided | M32: OLED | O32: Not Provided | P32: Black | Q32: Backlit Keyboard | R32: Not Provided | S32: 4.6 | T32: 37 | U32: 1662772.8 | V32: 1662772.8 | W32: =((V32-U32)/V32)*100 -> 0 | X32: =IF(W32>0,"Yes","No") -> No | Y32: 36390.31 | Z32: 46304 | AB32: https://m.media-amazon.com/images/I/515W50hwJmL._AC_UY218_.jpg | AC32: https://www.amazon.com/Lenovo-Legion-Gaming-GeForce-Windows/dp/B0FK453MMS/ref=sr_1_53?crid=3LC9VL11Q1Y6Z&dib=eyJ2IjoiMSJ9.IzCRMK29fcmFw9XuQ4yhl3H7VUIgI_nLILqZNTxU02S2A4igU5tVZ1mAC2liK8LTiAOOw8_HexSkhPWj88KFmpdjpsbXJfGKFAUOQuqPba22FTvaGg-Dp1XNLdaLJHBtnGgd6s7SsO6TF1YjInwpzyh-4dxGNg7I88kjBXNloiQqA3q1NPwrYUhJwIw9AJAxxgN6FoGcNNitc--qpQlfz0iKt91owt6KE6Azyzs_NBw.a0UvLC9HpKWQJVVL-AT38Rdtm3nC6Wg6IukFfcgvIrM&dib_tag=se&keywords=gaming+laptops&qid=1789820054&sprefix=%2Caps%2C392&sr=8-53&xpid=MMcXVFo9VX50C
A33: ASUS ROG Flow Z13 (2025) Gaming Laptop, 13" ROG Nebula 16:10 2.5K 180Hz/3ms, the AMD Ryzen AI MAX 390 Processor, the RDNA 3.5 Graphics, 32GB LPDDR5X 8000MHz, 1TB PCIe Gen 4 SSD, Wi-Fi 7, Win 11 Home | B33: ASUS | C33: ROG Flow Z13 | D33: =IF(OR(ISNUMBER(SEARCH("charger",A33)),ISNUMBER(SEARCH("cable",A33)),ISNUMBER(SEARCH("adapter",A33)),ISNUMBER(SEARCH("dock",A33)),ISNUMBER(SEARCH("replacement",A33))),"Accessory / Other",IF(OR(J33="Dedicated",ISNUMBER(SEARCH("rtx",J33&" "&K33)),ISNUMBER(SEARCH("gtx",J33&" "&K33)),ISNUMBER(SEARCH("rx 5",J33&" "&K33)),ISNUMBER(SEARCH("rx 6",J33&" "&K33)),ISNUMBER(SEARCH("rx 7",J33&" "&K33)),ISNUMBER(SEARCH("rx 8",J33&" "&K33)),ISNUMBER(SEARCH("rx 9",J33&" "&K33)),AND(IFERROR(N33>=120,FALSE),ISNUMBER(SEARCH("gaming",A33&" "&C33)))),"Gaming",IF(OR(ISNUMBER(SEARCH("thinkpad",C33)),ISNUMBER(SEARCH("latitude",C33)),ISNUMBER(SEARCH("probook",C33)),ISNUMBER(SEARCH("elitebook",C33)),ISNUMBER(SEARCH("office",A33&" "&Q33)),ISNUMBER(SEARCH("business",A33&" "&Q33)),AND(ISNUMBER(SEARCH("windows 11 pro",I33)),J33="Integrated")),"Office / Business",IF(OR(ISNUMBER(SEARCH("creator",A33&" "&Q33)),ISNUMBER(SEARCH("studio",A33&" "&C33)),ISNUMBER(SEARCH("workstation",A33&" "&C33)),ISNUMBER(SEARCH("precision",A33&" "&C33)),ISNUMBER(SEARCH("zbook",A33&" "&C33))),"Creator / Professional","Normal Use")))) -> Gaming | E33: 13.4 | F33: Ryzen AI Max | G33: 32 | H33: 1000 | I33: Windows 11 Home | J33: Dedicated | K33: Not Provided | L33: 2.5K | M33: Not Provided | N33: 180 | O33: Not Provided | P33: Off Black | Q33: Portable | R33: Wi-Fi 7 | S33: 4 | T33: 18 | U33: 552964.12 | V33: 582064.73 | W33: =((V33-U33)/V33)*100 -> 4.9995488 | X33: =IF(W33>0,"Yes","No") -> Yes | Y33: 21871.88 | Z33: 28-09-2026 | AB33: https://m.media-amazon.com/images/I/31qsZI1V8NL._AC_UY218_.jpg | AC33: https://www.amazon.com/ASUS-Nebula-Touchscreen-Convertible-Notebook/dp/B0FC34KFSP/ref=sr_1_55?crid=3LC9VL11Q1Y6Z&dib=eyJ2IjoiMSJ9.IzCRMK29fcmFw9XuQ4yhl3H7VUIgI_nLILqZNTxU02S2A4igU5tVZ1mAC2liK8LTiAOOw8_HexSkhPWj88KFmpdjpsbXJfGKFAUOQuqPba22FTvaGg-Dp1XNLdaLJHBtnGgd6s7SsO6TF1YjInwpzyh-4dxGNg7I88kjBXNloiQqA3q1NPwrYUhJwIw9AJAxxgN6FoGcNNitc--qpQlfz0iKt91owt6KE6Azyzs_NBw.a0UvLC9HpKWQJVVL-AT38Rdtm3nC6Wg6IukFfcgvIrM&dib_tag=se&keywords=gaming+laptops&qid=1789820054&sprefix=%2Caps%2C392&sr=8-55&xpid=MMcXVFo9VX50C
A34: msi Vector 16" Gaming Laptop 2026,Core Ultra 7 255HX,GeForce RTX 5070 Ti | B34: msi | C34: Vector 16 | D34: =IF(OR(ISNUMBER(SEARCH("charger",A34)),ISNUMBER(SEARCH("cable",A34)),ISNUMBER(SEARCH("adapter",A34)),ISNUMBER(SEARCH("dock",A34)),ISNUMBER(SEARCH("replacement",A34))),"Accessory / Other",IF(OR(J34="Dedicated",ISNUMBER(SEARCH("rtx",J34&" "&K34)),ISNUMBER(SEARCH("gtx",J34&" "&K34)),ISNUMBER(SEARCH("rx 5",J34&" "&K34)),ISNUMBER(SEARCH("rx 6",J34&" "&K34)),ISNUMBER(SEARCH("rx 7",J34&" "&K34)),ISNUMBER(SEARCH("rx 8",J34&" "&K34)),ISNUMBER(SEARCH("rx 9",J34&" "&K34)),AND(IFERROR(N34>=120,FALSE),ISNUMBER(SEARCH("gaming",A34&" "&C34)))),"Gaming",IF(OR(ISNUMBER(SEARCH("thinkpad",C34)),ISNUMBER(SEARCH("latitude",C34)),ISNUMBER(SEARCH("probook",C34)),ISNUMBER(SEARCH("elitebook",C34)),ISNUMBER(SEARCH("office",A34&" "&Q34)),ISNUMBER(SEARCH("business",A34&" "&Q34)),AND(ISNUMBER(SEARCH("windows 11 pro",I34)),J34="Integrated")),"Office / Business",IF(OR(ISNUMBER(SEARCH("creator",A34&" "&Q34)),ISNUMBER(SEARCH("studio",A34&" "&C34)),ISNUMBER(SEARCH("workstation",A34&" "&C34)),ISNUMBER(SEARCH("precision",A34&" "&C34)),ISNUMBER(SEARCH("zbook",A34&" "&C34))),"Creator / Professional","Normal Use")))) -> Gaming | E34: 16 | F34: Intel Core Ultra 7 | G34: 16 | H34: 1000 | I34: Windows 11 Home | J34: Dedicated | K34: GeForce RTX 5070 Ti | L34: Not Provided | M34: Not Provided | O34: Not Provided | P34: Cosmo Gray | Q34: Anti Glare Coating | Backlit Keyboard | HD Audio | Numeric Keypad | R34: Not Provided | S34: 5 | T34: 2 | U34: 498773.64 | V34: 498773.64 | W34: =((V34-U34)/V34)*100 -> 0 | X34: =IF(W34>0,"Yes","No") -> No | Y34: 45456.7 | Z34: 28-09-2026 | AB34: https://m.media-amazon.com/images/I/51efY0BXUiL._AC_UY218_.jpg | AC34: https://www.amazon.com/msi-Vector-16-Gaming-GeForce/dp/B0HF4JTCPJ/ref=sr_1_59?crid=3LC9VL11Q1Y6Z&dib=eyJ2IjoiMSJ9.IzCRMK29fcmFw9XuQ4yhl3H7VUIgI_nLILqZNTxU02S2A4igU5tVZ1mAC2liK8LTiAOOw8_HexSkhPWj88KFmpdjpsbXJfGKFAUOQuqPba22FTvaGg-Dp1XNLdaLJHBtnGgd6s7SsO6TF1YjInwpzyh-4dxGNg7I88kjBXNloiQqA3q1NPwrYUhJwIw9AJAxxgN6FoGcNNitc--qpQlfz0iKt91owt6KE6Azyzs_NBw.a0UvLC9HpKWQJVVL-AT38Rdtm3nC6Wg6IukFfcgvIrM&dib_tag=se&keywords=gaming+laptops&qid=1789820054&sprefix=%2Caps%2C392&sr=8-59&xpid=MMcXVFo9VX50C
A35: Lenovo Legion 5a - 2026 - Gaming Laptop - NVIDIA GeForce RTX 5060-15.3" OLED WQXGA Display - 165Hz Refresh Rate - Ryzen 7 250-32GB - 1TB Storage - Eclipse Black | B35: Lenovo | C35: Legion 5a | D35: =IF(OR(ISNUMBER(SEARCH("charger",A35)),ISNUMBER(SEARCH("cable",A35)),ISNUMBER(SEARCH("adapter",A35)),ISNUMBER(SEARCH("dock",A35)),ISNUMBER(SEARCH("replacement",A35))),"Accessory / Other",IF(OR(J35="Dedicated",ISNUMBER(SEARCH("rtx",J35&" "&K35)),ISNUMBER(SEARCH("gtx",J35&" "&K35)),ISNUMBER(SEARCH("rx 5",J35&" "&K35)),ISNUMBER(SEARCH("rx 6",J35&" "&K35)),ISNUMBER(SEARCH("rx 7",J35&" "&K35)),ISNUMBER(SEARCH("rx 8",J35&" "&K35)),ISNUMBER(SEARCH("rx 9",J35&" "&K35)),AND(IFERROR(N35>=120,FALSE),ISNUMBER(SEARCH("gaming",A35&" "&C35)))),"Gaming",IF(OR(ISNUMBER(SEARCH("thinkpad",C35)),ISNUMBER(SEARCH("latitude",C35)),ISNUMBER(SEARCH("probook",C35)),ISNUMBER(SEARCH("elitebook",C35)),ISNUMBER(SEARCH("office",A35&" "&Q35)),ISNUMBER(SEARCH("business",A35&" "&Q35)),AND(ISNUMBER(SEARCH("windows 11 pro",I35)),J35="Integrated")),"Office / Business",IF(OR(ISNUMBER(SEARCH("creator",A35&" "&Q35)),ISNUMBER(SEARCH("studio",A35&" "&C35)),ISNUMBER(SEARCH("workstation",A35&" "&C35)),ISNUMBER(SEARCH("precision",A35&" "&C35)),ISNUMBER(SEARCH("zbook",A35&" "&C35))),"Creator / Professional","Normal Use")))) -> Gaming | E35: 15.3 | F35: Ryzen 7 | G35: 32 | H35: 1000 | I35: Windows 11 Home | J35: Dedicated | K35: NVIDIA GeForce RTX 5060 | L35: WQXGA | M35: OLED | N35: 165 | O35: Not Provided | P35: Black | Q35: OLED Display | High Refresh Rate | R35: Not Provided | S35: 5 | T35: 4 | U35: 613088.93 | V35: 613088.93 | W35: =((V35-U35)/V35)*100 -> 0 | X35: =IF(W35>0,"Yes","No") -> No | Y35: 21320.3 | Z35: 29-09-2026 | AB35: https://m.media-amazon.com/images/I/71fO-xVnlKL._AC_UY218_.jpg | AC35: https://www.amazon.com/Lenovo-Legion-5a-5060-15-3-250-32GB/dp/B0GNB91TWT/ref=sr_1_62?crid=3LC9VL11Q1Y6Z&dib=eyJ2IjoiMSJ9.IzCRMK29fcmFw9XuQ4yhl3H7VUIgI_nLILqZNTxU02S2A4igU5tVZ1mAC2liK8LTiAOOw8_HexSkhPWj88KFmpdjpsbXJfGKFAUOQuqPba22FTvaGg-Dp1XNLdaLJHBtnGgd6s7SsO6TF1YjInwpzyh-4dxGNg7I88kjBXNloiQqA3q1NPwrYUhJwIw9AJAxxgN6FoGcNNitc--qpQlfz0iKt91owt6KE6Azyzs_NBw.a0UvLC9HpKWQJVVL-AT38Rdtm3nC6Wg6IukFfcgvIrM&dib_tag=se&keywords=gaming+laptops&qid=1789820054&sprefix=%2Caps%2C392&sr=8-62&xpid=MMcXVFo9VX50C
A36: 2026 AMD Gaming Laptop with Ryzen 5 7430U Processor(6C/12T, Up to 4.3GHz), 15.6" Display Gaming Computer, AMD Radeon™ Graphics, 16GB 512GB NVMe SSD, BK, WiFi 6, HDMI, Type-C, Webcam Cover Slide | B36: MALLRACE | C36: LX15PRO | D36: =IF(OR(ISNUMBER(SEARCH("charger",A36)),ISNUMBER(SEARCH("cable",A36)),ISNUMBER(SEARCH("adapter",A36)),ISNUMBER(SEARCH("dock",A36)),ISNUMBER(SEARCH("replacement",A36))),"Accessory / Other",IF(OR(J36="Dedicated",ISNUMBER(SEARCH("rtx",J36&" "&K36)),ISNUMBER(SEARCH("gtx",J36&" "&K36)),ISNUMBER(SEARCH("rx 5",J36&" "&K36)),ISNUMBER(SEARCH("rx 6",J36&" "&K36)),ISNUMBER(SEARCH("rx 7",J36&" "&K36)),ISNUMBER(SEARCH("rx 8",J36&" "&K36)),ISNUMBER(SEARCH("rx 9",J36&" "&K36)),AND(IFERROR(N36>=120,FALSE),ISNUMBER(SEARCH("gaming",A36&" "&C36)))),"Gaming",IF(OR(ISNUMBER(SEARCH("thinkpad",C36)),ISNUMBER(SEARCH("latitude",C36)),ISNUMBER(SEARCH("probook",C36)),ISNUMBER(SEARCH("elitebook",C36)),ISNUMBER(SEARCH("office",A36&" "&Q36)),ISNUMBER(SEARCH("business",A36&" "&Q36)),AND(ISNUMBER(SEARCH("windows 11 pro",I36)),J36="Integrated")),"Office / Business",IF(OR(ISNUMBER(SEARCH("creator",A36&" "&Q36)),ISNUMBER(SEARCH("studio",A36&" "&C36)),ISNUMBER(SEARCH("workstation",A36&" "&C36)),ISNUMBER(SEARCH("precision",A36&" "&C36)),ISNUMBER(SEARCH("zbook",A36&" "&C36))),"Creator / Professional","Normal Use")))) -> Normal Use | E36: 15.6 | F36: Ryzen 5 | G36: 16 | H36: 512 | I36: Windows 11 Pro | J36: AMD | K36: AMD Radeon Graphics | L36: Not Provided | M36: Not Provided | O36: Up to 4.3GHz | P36: Cool Gray | Q36: Numeric Keypad | Webcam Cover | R36: WiFi 6 | HDMI | S36: 4.3 | T36: 85 | U36: 243911.23 | V36: 243911.23 | W36: =((V36-U36)/V36)*100 -> 0 | X36: =IF(W36>0,"Yes","No") -> No | Y36: 18897.79 | Z36: 29-09-2026 | AB36: https://m.media-amazon.com/images/I/712a4JLYAkL._AC_UY218_.jpg | AC36: https://www.amazon.com/Processor-Display-Computer-RadeonTM-Graphics/dp/B0H2VXLKN4/ref=sr_1_74?crid=3LC9VL11Q1Y6Z&dib=eyJ2IjoiMSJ9.dwPtF6eJbyoWw8261cLcaI-W0s7trK145v-2Bn4RUzPRo5d1D1dOEUOSzF1UPXEM-a6B93MSc6XfDQANSuL14G9KfgWgYspCgI-ARBS-93fep4kwH6gZLdE_5Pky0Dt2Aakjyj2GPWAgPFT2Ao5zGYQFW1yvtxU7kHULSiAnL7x5XiYCrftGhEzszJtcHPLZkUD8sY17JFp6J_SY-3Rb1rkdUyM96H9jt2tU8NhkVq0.kqcgCMqoV4FzgOICsJ2fqgV4815gze9bJcHIUhHwUaM&dib_tag=se&keywords=gaming+laptops&qid=1789820142&sprefix=%2Caps%2C392&sr=8-74&xpid=MMcXVFo9VX50C
A37: ASUS ROG Strix G16 (2026) Gaming Laptop, 16" ROG Nebula HDR 2.5K 240Hz/3ms, Intel Core Ultra 9 290HX Plus, NVIDIA GeForce RTX 5080, 32GB DDR5, 1TB PCIe Gen4 SSD, Wi-Fi 7, Win11 Home, G615LW-AB96 | B37: ASUS | C37: G615LW-AB96 | D37: =IF(OR(ISNUMBER(SEARCH("charger",A37)),ISNUMBER(SEARCH("cable",A37)),ISNUMBER(SEARCH("adapter",A37)),ISNUMBER(SEARCH("dock",A37)),ISNUMBER(SEARCH("replacement",A37))),"Accessory / Other",IF(OR(J37="Dedicated",ISNUMBER(SEARCH("rtx",J37&" "&K37)),ISNUMBER(SEARCH("gtx",J37&" "&K37)),ISNUMBER(SEARCH("rx 5",J37&" "&K37)),ISNUMBER(SEARCH("rx 6",J37&" "&K37)),ISNUMBER(SEARCH("rx 7",J37&" "&K37)),ISNUMBER(SEARCH("rx 8",J37&" "&K37)),ISNUMBER(SEARCH("rx 9",J37&" "&K37)),AND(IFERROR(N37>=120,FALSE),ISNUMBER(SEARCH("gaming",A37&" "&C37)))),"Gaming",IF(OR(ISNUMBER(SEARCH("thinkpad",C37)),ISNUMBER(SEARCH("latitude",C37)),ISNUMBER(SEARCH("probook",C37)),ISNUMBER(SEARCH("elitebook",C37)),ISNUMBER(SEARCH("office",A37&" "&Q37)),ISNUMBER(SEARCH("business",A37&" "&Q37)),AND(ISNUMBER(SEARCH("windows 11 pro",I37)),J37="Integrated")),"Office / Business",IF(OR(ISNUMBER(SEARCH("creator",A37&" "&Q37)),ISNUMBER(SEARCH("studio",A37&" "&C37)),ISNUMBER(SEARCH("workstation",A37&" "&C37)),ISNUMBER(SEARCH("precision",A37&" "&C37)),ISNUMBER(SEARCH("zbook",A37&" "&C37))),"Creator / Professional","Normal Use")))) -> Gaming | E37: 16 | F37: Intel Core Ultra 9 | G37: 32 | H37: 1000 | I37: Windows 11 Home | J37: Dedicated | K37: NVIDIA GeForce RTX 5080 | L37: 2.5K | M37: Not Provided | N37: 240 | O37: Not Provided | P37: Eclipse Gray | Q37: Anti Glare Coating | Backlit Keyboard | R37: Wi-Fi 7 | S37: 5 | T37: 7 | U37: 1080979.7 | V37: 1080979.7 | W37: =((V37-U37)/V37)*100 -> 0 | X37: =IF(W37>0,"Yes","No") -> No | Y37: 26409.23 | Z37: 29-09-2026 | AB37: https://m.media-amazon.com/images/I/81cKwDf1eVL._AC_UY218_.jpg | AC37: https://www.amazon.com/ASUS-Gaming-Laptop-GeForce-G615LW-AB96/dp/B0GYMN57R2/ref=sr_1_77?crid=3LC9VL11Q1Y6Z&dib=eyJ2IjoiMSJ9.dwPtF6eJbyoWw8261cLcaI-W0s7trK145v-2Bn4RUzPRo5d1D1dOEUOSzF1UPXEM-a6B93MSc6XfDQANSuL14G9KfgWgYspCgI-ARBS-93fep4kwH6gZLdE_5Pky0Dt2Aakjyj2GPWAgPFT2Ao5zGYQFW1yvtxU7kHULSiAnL7x5XiYCrftGhEzszJtcHPLZkUD8sY17JFp6J_SY-3Rb1rkdUyM96H9jt2tU8NhkVq0.kqcgCMqoV4FzgOICsJ2fqgV4815gze9bJcHIUhHwUaM&dib_tag=se&keywords=gaming+laptops&qid=1789820142&sprefix=%2Caps%2C392&sr=8-77&xpid=MMcXVFo9VX50C
A38: NIAKUN 17.3" Gaming Laptop Computer, 16GB 512GB SSD, Core i5-7Y57 | B38: NIAKUN | C38: NIAKUN | D38: =IF(OR(ISNUMBER(SEARCH("charger",A38)),ISNUMBER(SEARCH("cable",A38)),ISNUMBER(SEARCH("adapter",A38)),ISNUMBER(SEARCH("dock",A38)),ISNUMBER(SEARCH("replacement",A38))),"Accessory / Other",IF(OR(J38="Dedicated",ISNUMBER(SEARCH("rtx",J38&" "&K38)),ISNUMBER(SEARCH("gtx",J38&" "&K38)),ISNUMBER(SEARCH("rx 5",J38&" "&K38)),ISNUMBER(SEARCH("rx 6",J38&" "&K38)),ISNUMBER(SEARCH("rx 7",J38&" "&K38)),ISNUMBER(SEARCH("rx 8",J38&" "&K38)),ISNUMBER(SEARCH("rx 9",J38&" "&K38)),AND(IFERROR(N38>=120,FALSE),ISNUMBER(SEARCH("gaming",A38&" "&C38)))),"Gaming",IF(OR(ISNUMBER(SEARCH("thinkpad",C38)),ISNUMBER(SEARCH("latitude",C38)),ISNUMBER(SEARCH("probook",C38)),ISNUMBER(SEARCH("elitebook",C38)),ISNUMBER(SEARCH("office",A38&" "&Q38)),ISNUMBER(SEARCH("business",A38&" "&Q38)),AND(ISNUMBER(SEARCH("windows 11 pro",I38)),J38="Integrated")),"Office / Business",IF(OR(ISNUMBER(SEARCH("creator",A38&" "&Q38)),ISNUMBER(SEARCH("studio",A38&" "&C38)),ISNUMBER(SEARCH("workstation",A38&" "&C38)),ISNUMBER(SEARCH("precision",A38&" "&C38)),ISNUMBER(SEARCH("zbook",A38&" "&C38))),"Creator / Professional","Normal Use")))) -> Normal Use | E38: 17.3 | F38: Core i5 | G38: 16 | H38: 512 | I38: Not Provided | J38: 38.5 watt-hours | K38: Not Provided | L38: Not Provided | M38: Not Provided | O38: Not Provided | P38: Silver | R38: Not Provided | S38: 3.8 | T38: 108 | U38: 138584.73 | V38: 138584.73 | W38: =((V38-U38)/V38)*100 -> 0 | X38: =IF(W38>0,"Yes","No") -> No | Y38: 18759.2 | Z38: 29-09-2026 | AB38: https://m.media-amazon.com/images/I/71RufC5lzzL._AC_UY218_.jpg | AC38: https://www.amazon.com/NIAKUN-Gaming-Laptop-Computer-i5-7Y57/dp/B0H3ZBY622/ref=sr_1_78?crid=3LC9VL11Q1Y6Z&dib=eyJ2IjoiMSJ9.dwPtF6eJbyoWw8261cLcaI-W0s7trK145v-2Bn4RUzPRo5d1D1dOEUOSzF1UPXEM-a6B93MSc6XfDQANSuL14G9KfgWgYspCgI-ARBS-93fep4kwH6gZLdE_5Pky0Dt2Aakjyj2GPWAgPFT2Ao5zGYQFW1yvtxU7kHULSiAnL7x5XiYCrftGhEzszJtcHPLZkUD8sY17JFp6J_SY-3Rb1rkdUyM96H9jt2tU8NhkVq0.kqcgCMqoV4FzgOICsJ2fqgV4815gze9bJcHIUhHwUaM&dib_tag=se&keywords=gaming+laptops&qid=1789820142&sprefix=%2Caps%2C392&sr=8-78&xpid=MMcXVFo9VX50C
A39: Samsung Galaxy Book6 Enterprise Edition 14.0", Intel® Core™ Ultra 5 325 | B39: Samsung | C39: Galaxy Book6 Enterprise Edition 14.0" | D39: =IF(OR(ISNUMBER(SEARCH("charger",A39)),ISNUMBER(SEARCH("cable",A39)),ISNUMBER(SEARCH("adapter",A39)),ISNUMBER(SEARCH("dock",A39)),ISNUMBER(SEARCH("replacement",A39))),"Accessory / Other",IF(OR(J39="Dedicated",ISNUMBER(SEARCH("rtx",J39&" "&K39)),ISNUMBER(SEARCH("gtx",J39&" "&K39)),ISNUMBER(SEARCH("rx 5",J39&" "&K39)),ISNUMBER(SEARCH("rx 6",J39&" "&K39)),ISNUMBER(SEARCH("rx 7",J39&" "&K39)),ISNUMBER(SEARCH("rx 8",J39&" "&K39)),ISNUMBER(SEARCH("rx 9",J39&" "&K39)),AND(IFERROR(N39>=120,FALSE),ISNUMBER(SEARCH("gaming",A39&" "&C39)))),"Gaming",IF(OR(ISNUMBER(SEARCH("thinkpad",C39)),ISNUMBER(SEARCH("latitude",C39)),ISNUMBER(SEARCH("probook",C39)),ISNUMBER(SEARCH("elitebook",C39)),ISNUMBER(SEARCH("office",A39&" "&Q39)),ISNUMBER(SEARCH("business",A39&" "&Q39)),AND(ISNUMBER(SEARCH("windows 11 pro",I39)),J39="Integrated")),"Office / Business",IF(OR(ISNUMBER(SEARCH("creator",A39&" "&Q39)),ISNUMBER(SEARCH("studio",A39&" "&C39)),ISNUMBER(SEARCH("workstation",A39&" "&C39)),ISNUMBER(SEARCH("precision",A39&" "&C39)),ISNUMBER(SEARCH("zbook",A39&" "&C39))),"Creator / Professional","Normal Use")))) -> Normal Use | F39: Intel Core Ultra 5 325 | I39: Not Provided | J39: Not Provided | K39: Not Provided | L39: Not Provided | M39: Not Provided | O39: Not Provided | P39: Not Provided | R39: Not Provided | S39: 4 | T39: 1 | U39: 410219 | V39: 410219 | W39: =((V39-U39)/V39)*100 -> 0 | X39: =IF(W39>0,"Yes","No") -> No | Y39: 17819.58 | Z39: 29-09-2026 | AB39: https://m.media-amazon.com/images/I/61-I9ls9TuL._AC_UY218_.jpg | AC39: https://www.amazon.com/sspa/click?ie=UTF8&spc=MToyMTgwMTIwNTE1MDI2MDA1OjE3ODk4MjAyMzU6c3BfYXRmX25leHQ6MzAxNDgzNDI4NDY3NTAyOjowOjo&url=%2FSamsung-Galaxy-Enterprise-Intel%25C2%25AE-CoreTM%2Fdp%2FB0H1D38ZFJ%2Fref%3Dsr_1_81_sspa%3Fcrid%3D3LC9VL11Q1Y6Z%26dib%3DeyJ2IjoiMSJ9.hU4Y04UoGRU3adCfFRM0stFlSQ4UDolqxorWMWhZjDyjeMo5Yr8P-QXJ8eMXsjXL1Suz68KyhQ7RrQk-JDNc90jN00wuKx_vkmdFWmeNGHOVexnxw1m0fI_Dyp9Rg4Ihk6YYlhgTrOS2SfrzXWzY0n73fRoMEzWtOHjE0oyzbyn_8n1gsLMue0YepRCzbqedsCscKPfmEbc02efLN0CmnTxpy0htOu1LMLm5jS1h4-s.S0SnMdqzReM1GDwro9ekXipYY1gqNgOOt-62g0QosKs%26dib_tag%3Dse%26keywords%3Dgaming%2Blaptops%26qid%3D1789820235%26sprefix%3D%252Caps%252C392%26sr%3D8-81-spons%26xpid%3DMMcXVFo9VX50C%26sp_csd%3Dd2lkZ2V0TmFtZT1zcF9hdGZfbmV4dA%26psc%3D1
A40: dynabook Tecra A45-M 14" Business Laptop, AMD Ryzen 5 220 (Up to 4.9GHz), 16GB DDR5 , 512GB SSD, WUXGA 1920x1200, Wi-Fi 7, Windows 11 Pro, AI Copilot, Thunderbolt 4, Lightweight | B40: dynabook | C40: Tecra A45-M 14" Business | D40: =IF(OR(ISNUMBER(SEARCH("charger",A40)),ISNUMBER(SEARCH("cable",A40)),ISNUMBER(SEARCH("adapter",A40)),ISNUMBER(SEARCH("dock",A40)),ISNUMBER(SEARCH("replacement",A40))),"Accessory / Other",IF(OR(J40="Dedicated",ISNUMBER(SEARCH("rtx",J40&" "&K40)),ISNUMBER(SEARCH("gtx",J40&" "&K40)),ISNUMBER(SEARCH("rx 5",J40&" "&K40)),ISNUMBER(SEARCH("rx 6",J40&" "&K40)),ISNUMBER(SEARCH("rx 7",J40&" "&K40)),ISNUMBER(SEARCH("rx 8",J40&" "&K40)),ISNUMBER(SEARCH("rx 9",J40&" "&K40)),AND(IFERROR(N40>=120,FALSE),ISNUMBER(SEARCH("gaming",A40&" "&C40)))),"Gaming",IF(OR(ISNUMBER(SEARCH("thinkpad",C40)),ISNUMBER(SEARCH("latitude",C40)),ISNUMBER(SEARCH("probook",C40)),ISNUMBER(SEARCH("elitebook",C40)),ISNUMBER(SEARCH("office",A40&" "&Q40)),ISNUMBER(SEARCH("business",A40&" "&Q40)),AND(ISNUMBER(SEARCH("windows 11 pro",I40)),J40="Integrated")),"Office / Business",IF(OR(ISNUMBER(SEARCH("creator",A40&" "&Q40)),ISNUMBER(SEARCH("studio",A40&" "&C40)),ISNUMBER(SEARCH("workstation",A40&" "&C40)),ISNUMBER(SEARCH("precision",A40&" "&C40)),ISNUMBER(SEARCH("zbook",A40&" "&C40))),"Creator / Professional","Normal Use")))) -> Office / Business | F40: AMD Ryzen 5 220 | G40: 16 | H40: 16 | I40: Windows 11 Pro | J40: Not Provided | K40: Not Provided | L40: WUXGA | M40: WUXGA | O40: Up to 4.9GHz | P40: Not Provided | Q40: AI Copilot | DDR5 | R40: Wi-Fi 7 | Thunderbolt 4 | S40: 0 | T40: 0 | U40: 335104.58 | V40: 335104.58 | W40: =((V40-U40)/V40)*100 -> 0 | X40: =IF(W40>0,"Yes","No") -> No | Y40: 21115.19 | Z40: 29-09-2026 | AB40: https://m.media-amazon.com/images/I/61-FPfLAjRL._AC_UY218_.jpg | AC40: https://www.amazon.com/sspa/click?ie=UTF8&spc=MToyMTgwMTIwNTE1MDI2MDA1OjE3ODk4MjAyMzU6c3BfYXRmX25leHQ6MzAxNDg2NDIxNzA2MjAyOjowOjo&url=%2Fdynabook-A45-M-1920x1200-Thunderbolt-Lightweight%2Fdp%2FB0GVPQNGS8%2Fref%3Dsr_1_82_sspa%3Fcrid%3D3LC9VL11Q1Y6Z%26dib%3DeyJ2IjoiMSJ9.hU4Y04UoGRU3adCfFRM0stFlSQ4UDolqxorWMWhZjDyjeMo5Yr8P-QXJ8eMXsjXL1Suz68KyhQ7RrQk-JDNc90jN00wuKx_vkmdFWmeNGHOVexnxw1m0fI_Dyp9Rg4Ihk6YYlhgTrOS2SfrzXWzY0n73fRoMEzWtOHjE0oyzbyn_8n1gsLMue0YepRCzbqedsCscKPfmEbc02efLN0CmnTxpy0htOu1LMLm5jS1h4-s.S0SnMdqzReM1GDwro9ekXipYY1gqNgOOt-62g0QosKs%26dib_tag%3Dse%26keywords%3Dgaming%2Blaptops%26qid%3D1789820235%26sprefix%3D%252Caps%252C392%26sr%3D8-82-spons%26xpid%3DMMcXVFo9VX50C%26sp_csd%3Dd2lkZ2V0TmFtZT1zcF9hdGZfbmV4dA%26psc%3D1
A41: KAIGERR Gaming Laptop, 1TB NVMe SSD 16GB Laptop Computer with AMD Ryzen 7 5825U(8C/16T, Up to 4.5GHz), 15.6inch Windows 11 Laptop, Radeon RX Vega 8 Graphics,WiFi 6 for Creative & Business | B41: KAIGERR | C41: LX15PRO | D41: =IF(OR(ISNUMBER(SEARCH("charger",A41)),ISNUMBER(SEARCH("cable",A41)),ISNUMBER(SEARCH("adapter",A41)),ISNUMBER(SEARCH("dock",A41)),ISNUMBER(SEARCH("replacement",A41))),"Accessory / Other",IF(OR(J41="Dedicated",ISNUMBER(SEARCH("rtx",J41&" "&K41)),ISNUMBER(SEARCH("gtx",J41&" "&K41)),ISNUMBER(SEARCH("rx 5",J41&" "&K41)),ISNUMBER(SEARCH("rx 6",J41&" "&K41)),ISNUMBER(SEARCH("rx 7",J41&" "&K41)),ISNUMBER(SEARCH("rx 8",J41&" "&K41)),ISNUMBER(SEARCH("rx 9",J41&" "&K41)),AND(IFERROR(N41>=120,FALSE),ISNUMBER(SEARCH("gaming",A41&" "&C41)))),"Gaming",IF(OR(ISNUMBER(SEARCH("thinkpad",C41)),ISNUMBER(SEARCH("latitude",C41)),ISNUMBER(SEARCH("probook",C41)),ISNUMBER(SEARCH("elitebook",C41)),ISNUMBER(SEARCH("office",A41&" "&Q41)),ISNUMBER(SEARCH("business",A41&" "&Q41)),AND(ISNUMBER(SEARCH("windows 11 pro",I41)),J41="Integrated")),"Office / Business",IF(OR(ISNUMBER(SEARCH("creator",A41&" "&Q41)),ISNUMBER(SEARCH("studio",A41&" "&C41)),ISNUMBER(SEARCH("workstation",A41&" "&C41)),ISNUMBER(SEARCH("precision",A41&" "&C41)),ISNUMBER(SEARCH("zbook",A41&" "&C41))),"Creator / Professional","Normal Use")))) -> Office / Business | E41: 15.6 | F41: AMD Ryzen 7 | G41: 16 | H41: 1000 | I41: Windows 11 | J41: Integrated | K41: Radeon RX Vega 8 Graphics | L41: Not Provided | M41: Not Provided | O41: Up to 4.5GHz | P41: Lightweight Gray | Q41: High Performance | Lightweight | Multifunctional | Numeric Keypad | R41: WiFi 6 | S41: 4.2 | T41: 27 | U41: 277172.23 | V41: 277172.23 | W41: =((V41-U41)/V41)*100 -> 0 | X41: =IF(W41>0,"Yes","No") -> No | Y41: 18692.68 | Z41: 29-09-2026 | AB41: https://m.media-amazon.com/images/I/718wTuNdAiL._AC_UY218_.jpg | AC41: https://www.amazon.com/KAIGERR-Computer-15-6inch-Graphics-Creative/dp/B0HBQGPG9G/ref=sr_1_83?crid=3LC9VL11Q1Y6Z&dib=eyJ2IjoiMSJ9.hU4Y04UoGRU3adCfFRM0stFlSQ4UDolqxorWMWhZjDyjeMo5Yr8P-QXJ8eMXsjXL1Suz68KyhQ7RrQk-JDNc90jN00wuKx_vkmdFWmeNGHOVexnxw1m0fI_Dyp9Rg4Ihk6YYlhgTrOS2SfrzXWzY0n73fRoMEzWtOHjE0oyzbyn_8n1gsLMue0YepRCzbqedsCscKPfmEbc02efLN0CmnTxpy0htOu1LMLm5jS1h4-s.S0SnMdqzReM1GDwro9ekXipYY1gqNgOOt-62g0QosKs&dib_tag=se&keywords=gaming+laptops&qid=1789820235&sprefix=%2Caps%2C392&sr=8-83&xpid=MMcXVFo9VX50C
A42: Acer Nitro V Gaming Laptop | Intel Core 5 Processor 210H | NVIDIA GeForce RTX 5050 Laptop GPU | 16" WUXGA IPS 165Hz Display | 8GB DDR5 | 512GB Gen 4 SSD | Wi-Fi 6 | Backlit Keyboard | ANV16-I31-54PT | B42: Acer | C42: Nitro V | D42: =IF(OR(ISNUMBER(SEARCH("charger",A42)),ISNUMBER(SEARCH("cable",A42)),ISNUMBER(SEARCH("adapter",A42)),ISNUMBER(SEARCH("dock",A42)),ISNUMBER(SEARCH("replacement",A42))),"Accessory / Other",IF(OR(J42="Dedicated",ISNUMBER(SEARCH("rtx",J42&" "&K42)),ISNUMBER(SEARCH("gtx",J42&" "&K42)),ISNUMBER(SEARCH("rx 5",J42&" "&K42)),ISNUMBER(SEARCH("rx 6",J42&" "&K42)),ISNUMBER(SEARCH("rx 7",J42&" "&K42)),ISNUMBER(SEARCH("rx 8",J42&" "&K42)),ISNUMBER(SEARCH("rx 9",J42&" "&K42)),AND(IFERROR(N42>=120,FALSE),ISNUMBER(SEARCH("gaming",A42&" "&C42)))),"Gaming",IF(OR(ISNUMBER(SEARCH("thinkpad",C42)),ISNUMBER(SEARCH("latitude",C42)),ISNUMBER(SEARCH("probook",C42)),ISNUMBER(SEARCH("elitebook",C42)),ISNUMBER(SEARCH("office",A42&" "&Q42)),ISNUMBER(SEARCH("business",A42&" "&Q42)),AND(ISNUMBER(SEARCH("windows 11 pro",I42)),J42="Integrated")),"Office / Business",IF(OR(ISNUMBER(SEARCH("creator",A42&" "&Q42)),ISNUMBER(SEARCH("studio",A42&" "&C42)),ISNUMBER(SEARCH("workstation",A42&" "&C42)),ISNUMBER(SEARCH("precision",A42&" "&C42)),ISNUMBER(SEARCH("zbook",A42&" "&C42))),"Creator / Professional","Normal Use")))) -> Gaming | F42: Intel Core 5 Processor 210H | G42: 8 | H42: 8 | I42: Not Provided | J42: NVIDIA GeForce RTX 5050 | K42: NVIDIA GeForce RTX 5050 | L42: WUXGA | M42: WUXGA | N42: 165 | O42: Not Provided | P42: Not Provided | Q42: Backlit Keyboard | IPS | DDR5 | R42: Wi-Fi 6 | S42: 3.7 | T42: 4 | U42: 374183.48 | V42: 374183.48 | W42: =((V42-U42)/V42)*100 -> 0 | X42: =IF(W42>0,"Yes","No") -> No | Y42: 20488.78 | Z42: 29-09-2026 | AB42: https://m.media-amazon.com/images/I/71iSm+PbylL._AC_UY218_.jpg | AC42: https://www.amazon.com/sspa/click?ie=UTF8&spc=MToyMTgwMTIwNTE1MDI2MDA1OjE3ODk4MjAyMzU6c3BfbXRmOjMwMTM1MTIxMTkyNjgwMjo6MDo6&url=%2FAcer-Processor-GeForce-Keyboard-ANV16-I31-54PT%2Fdp%2FB0CJCNL315%2Fref%3Dsr_1_91_sspa%3Fcrid%3D3LC9VL11Q1Y6Z%26dib%3DeyJ2IjoiMSJ9.hU4Y04UoGRU3adCfFRM0stFlSQ4UDolqxorWMWhZjDyjeMo5Yr8P-QXJ8eMXsjXL1Suz68KyhQ7RrQk-JDNc90jN00wuKx_vkmdFWmeNGHOVexnxw1m0fI_Dyp9Rg4Ihk6YYlhgTrOS2SfrzXWzY0n73fRoMEzWtOHjE0oyzbyn_8n1gsLMue0YepRCzbqedsCscKPfmEbc02efLN0CmnTxpy0htOu1LMLm5jS1h4-s.S0SnMdqzReM1GDwro9ekXipYY1gqNgOOt-62g0QosKs%26dib_tag%3Dse%26keywords%3Dgaming%2Blaptops%26qid%3D1789820235%26sprefix%3D%252Caps%252C392%26sr%3D8-91-spons%26xpid%3DMMcXVFo9VX50C%26sp_csd%3Dd2lkZ2V0TmFtZT1zcF9tdGY%26psc%3D1
A43: 18.5 Inch Laptops, Core i9 CPU (Up to 4.8 GHz), 16GB , 512GB SSD, WiFi-6 | B43: Not Provided | C43: Not Provided | D43: =IF(OR(ISNUMBER(SEARCH("charger",A43)),ISNUMBER(SEARCH("cable",A43)),ISNUMBER(SEARCH("adapter",A43)),ISNUMBER(SEARCH("dock",A43)),ISNUMBER(SEARCH("replacement",A43))),"Accessory / Other",IF(OR(J43="Dedicated",ISNUMBER(SEARCH("rtx",J43&" "&K43)),ISNUMBER(SEARCH("gtx",J43&" "&K43)),ISNUMBER(SEARCH("rx 5",J43&" "&K43)),ISNUMBER(SEARCH("rx 6",J43&" "&K43)),ISNUMBER(SEARCH("rx 7",J43&" "&K43)),ISNUMBER(SEARCH("rx 8",J43&" "&K43)),ISNUMBER(SEARCH("rx 9",J43&" "&K43)),AND(IFERROR(N43>=120,FALSE),ISNUMBER(SEARCH("gaming",A43&" "&C43)))),"Gaming",IF(OR(ISNUMBER(SEARCH("thinkpad",C43)),ISNUMBER(SEARCH("latitude",C43)),ISNUMBER(SEARCH("probook",C43)),ISNUMBER(SEARCH("elitebook",C43)),ISNUMBER(SEARCH("office",A43&" "&Q43)),ISNUMBER(SEARCH("business",A43&" "&Q43)),AND(ISNUMBER(SEARCH("windows 11 pro",I43)),J43="Integrated")),"Office / Business",IF(OR(ISNUMBER(SEARCH("creator",A43&" "&Q43)),ISNUMBER(SEARCH("studio",A43&" "&C43)),ISNUMBER(SEARCH("workstation",A43&" "&C43)),ISNUMBER(SEARCH("precision",A43&" "&C43)),ISNUMBER(SEARCH("zbook",A43&" "&C43))),"Creator / Professional","Normal Use")))) -> Normal Use | E43: 18.5 | F43: Core i9 | G43: 16 | H43: 16 | I43: Not Provided | J43: Not Provided | K43: Not Provided | L43: Not Provided | M43: Not Provided | O43: Up to 4.8 GHz | P43: Not Provided | R43: Not Provided | S43: 5 | T43: 7 | U43: 182921.64 | V43: 304889.73 | W43: =((V43-U43)/V43)*100 -> 40.004001 | X43: =IF(W43>0,"Yes","No") -> Yes | Y43: 21761.01 | Z43: 29-09-2026 | AB43: https://m.media-amazon.com/images/I/81wzGDqYqaL._AC_UY218_.jpg | AC43: https://www.amazon.com/sspa/click?ie=UTF8&spc=MToyMTgwMTIwNTE1MDI2MDA1OjE3ODk4MjAyMzU6c3BfbXRmOjMwMTQ3NjM1MTcxODEwMjo6MDo6&url=%2F18-5-Laptops-i9-512GB-WiFi-6%2Fdp%2FB0H5JP27XM%2Fref%3Dsr_1_92_sspa%3Fcrid%3D3LC9VL11Q1Y6Z%26dib%3DeyJ2IjoiMSJ9.hU4Y04UoGRU3adCfFRM0stFlSQ4UDolqxorWMWhZjDyjeMo5Yr8P-QXJ8eMXsjXL1Suz68KyhQ7RrQk-JDNc90jN00wuKx_vkmdFWmeNGHOVexnxw1m0fI_Dyp9Rg4Ihk6YYlhgTrOS2SfrzXWzY0n73fRoMEzWtOHjE0oyzbyn_8n1gsLMue0YepRCzbqedsCscKPfmEbc02efLN0CmnTxpy0htOu1LMLm5jS1h4-s.S0SnMdqzReM1GDwro9ekXipYY1gqNgOOt-62g0QosKs%26dib_tag%3Dse%26keywords%3Dgaming%2Blaptops%26qid%3D1789820235%26sprefix%3D%252Caps%252C392%26sr%3D8-92-spons%26xpid%3DMMcXVFo9VX50C%26sp_csd%3Dd2lkZ2V0TmFtZT1zcF9tdGY%26psc%3D1
A44: 2026 15.6" FHD Gaming Laptop, AMD Ryzen 7 6800H(up to 4.7GHz), 24GB , 1TB NVMe SSD, Windows 11 Pro Laptop Computer with Backlit Keyboard, 6 Ports for Gaming, Progming, Video Editing | B44: SAGAWHALE | C44: AMD Ryzen 7 6800H | D44: =IF(OR(ISNUMBER(SEARCH("charger",A44)),ISNUMBER(SEARCH("cable",A44)),ISNUMBER(SEARCH("adapter",A44)),ISNUMBER(SEARCH("dock",A44)),ISNUMBER(SEARCH("replacement",A44))),"Accessory / Other",IF(OR(J44="Dedicated",ISNUMBER(SEARCH("rtx",J44&" "&K44)),ISNUMBER(SEARCH("gtx",J44&" "&K44)),ISNUMBER(SEARCH("rx 5",J44&" "&K44)),ISNUMBER(SEARCH("rx 6",J44&" "&K44)),ISNUMBER(SEARCH("rx 7",J44&" "&K44)),ISNUMBER(SEARCH("rx 8",J44&" "&K44)),ISNUMBER(SEARCH("rx 9",J44&" "&K44)),AND(IFERROR(N44>=120,FALSE),ISNUMBER(SEARCH("gaming",A44&" "&C44)))),"Gaming",IF(OR(ISNUMBER(SEARCH("thinkpad",C44)),ISNUMBER(SEARCH("latitude",C44)),ISNUMBER(SEARCH("probook",C44)),ISNUMBER(SEARCH("elitebook",C44)),ISNUMBER(SEARCH("office",A44&" "&Q44)),ISNUMBER(SEARCH("business",A44&" "&Q44)),AND(ISNUMBER(SEARCH("windows 11 pro",I44)),J44="Integrated")),"Office / Business",IF(OR(ISNUMBER(SEARCH("creator",A44&" "&Q44)),ISNUMBER(SEARCH("studio",A44&" "&C44)),ISNUMBER(SEARCH("workstation",A44&" "&C44)),ISNUMBER(SEARCH("precision",A44&" "&C44)),ISNUMBER(SEARCH("zbook",A44&" "&C44))),"Creator / Professional","Normal Use")))) -> Normal Use | E44: 15.6 | F44: AMD Ryzen 7 | G44: 24 | H44: 1000 | I44: Windows 11 Pro | J44: Dedicated, Integrated | K44: Not Provided | L44: FHD | M44: FHD | O44: up to 4.7GHz | P44: Silver | Q44: Backlit Keyboard | Fingerprint Reader | R44: Not Provided | S44: 4 | T44: 21 | U44: 191247.98 | V44: 249454.73 | W44: =((V44-U44)/V44)*100 -> 23.333592 | X44: =IF(W44>0,"Yes","No") -> Yes | Y44: 17680.99 | Z44: 29-09-2026 | AB44: https://m.media-amazon.com/images/I/71S8I2zpiLL._AC_UY218_.jpg | AC44: https://www.amazon.com/Windows-Computer-Backlit-Keyboard-Progming/dp/B0HCC5KZ2H/ref=sr_1_100?crid=3LC9VL11Q1Y6Z&dib=eyJ2IjoiMSJ9.hU4Y04UoGRU3adCfFRM0stFlSQ4UDolqxorWMWhZjDyjeMo5Yr8P-QXJ8eMXsjXL1Suz68KyhQ7RrQk-JDNc90jN00wuKx_vkmdFWmeNGHOVexnxw1m0fI_Dyp9Rg4Ihk6YYlhgTrOS2SfrzXWzY0n73fRoMEzWtOHjE0oyzbyn_8n1gsLMue0YepRCzbqedsCscKPfmEbc02efLN0CmnTxpy0htOu1LMLm5jS1h4-s.S0SnMdqzReM1GDwro9ekXipYY1gqNgOOt-62g0QosKs&dib_tag=se&keywords=gaming+laptops&qid=1789820235&sprefix=%2Caps%2C392&sr=8-100&xpid=MMcXVFo9VX50C
A45: dynabook Portégé X40-M 14" Business Laptop, Intel Core Ultra 5 225U, 16GB DDR5 , 512GB SSD, WUXGA 1920x1200, Windows 11 Pro, Lightweight 3.17 lb, Wi-Fi 7, Thunderbolt 4 | B45: dynabook | C45: Portégé X40-M 14" Business | D45: =IF(OR(ISNUMBER(SEARCH("charger",A45)),ISNUMBER(SEARCH("cable",A45)),ISNUMBER(SEARCH("adapter",A45)),ISNUMBER(SEARCH("dock",A45)),ISNUMBER(SEARCH("replacement",A45))),"Accessory / Other",IF(OR(J45="Dedicated",ISNUMBER(SEARCH("rtx",J45&" "&K45)),ISNUMBER(SEARCH("gtx",J45&" "&K45)),ISNUMBER(SEARCH("rx 5",J45&" "&K45)),ISNUMBER(SEARCH("rx 6",J45&" "&K45)),ISNUMBER(SEARCH("rx 7",J45&" "&K45)),ISNUMBER(SEARCH("rx 8",J45&" "&K45)),ISNUMBER(SEARCH("rx 9",J45&" "&K45)),AND(IFERROR(N45>=120,FALSE),ISNUMBER(SEARCH("gaming",A45&" "&C45)))),"Gaming",IF(OR(ISNUMBER(SEARCH("thinkpad",C45)),ISNUMBER(SEARCH("latitude",C45)),ISNUMBER(SEARCH("probook",C45)),ISNUMBER(SEARCH("elitebook",C45)),ISNUMBER(SEARCH("office",A45&" "&Q45)),ISNUMBER(SEARCH("business",A45&" "&Q45)),AND(ISNUMBER(SEARCH("windows 11 pro",I45)),J45="Integrated")),"Office / Business",IF(OR(ISNUMBER(SEARCH("creator",A45&" "&Q45)),ISNUMBER(SEARCH("studio",A45&" "&C45)),ISNUMBER(SEARCH("workstation",A45&" "&C45)),ISNUMBER(SEARCH("precision",A45&" "&C45)),ISNUMBER(SEARCH("zbook",A45&" "&C45))),"Creator / Professional","Normal Use")))) -> Office / Business | F45: Intel Core Ultra 5 225U | G45: 16 | H45: 16 | I45: Windows 11 Pro | J45: Not Provided | K45: Not Provided | L45: WUXGA | M45: WUXGA | O45: Not Provided | P45: Not Provided | Q45: 3.17 lb | DDR5 | R45: Wi-Fi 7 | Thunderbolt 4 | S45: 5 | T45: 2 | U45: 376680.82 | V45: 376680.82 | W45: =((V45-U45)/V45)*100 -> 0 | X45: =IF(W45>0,"Yes","No") -> No | Y45: 21115.19 | Z45: 29-09-2026 | AB45: https://m.media-amazon.com/images/I/61lF02eSTrL._AC_UY218_.jpg | AC45: https://www.amazon.com/sspa/click?ie=UTF8&spc=MToyMTgwMTIwNTE1MDI2MDA1OjE3ODk4MjAyMzU6c3BfYnRmOjMwMTQ4Mzc0NjAwOTIwMjo6MDo6&url=%2Fdynabook-X40-M-1920x1200-Lightweight-Thunderbolt%2Fdp%2FB0GVPKW5RG%2Fref%3Dsr_1_102_sspa%3Fcrid%3D3LC9VL11Q1Y6Z%26dib%3DeyJ2IjoiMSJ9.hU4Y04UoGRU3adCfFRM0stFlSQ4UDolqxorWMWhZjDyjeMo5Yr8P-QXJ8eMXsjXL1Suz68KyhQ7RrQk-JDNc90jN00wuKx_vkmdFWmeNGHOVexnxw1m0fI_Dyp9Rg4Ihk6YYlhgTrOS2SfrzXWzY0n73fRoMEzWtOHjE0oyzbyn_8n1gsLMue0YepRCzbqedsCscKPfmEbc02efLN0CmnTxpy0htOu1LMLm5jS1h4-s.S0SnMdqzReM1GDwro9ekXipYY1gqNgOOt-62g0QosKs%26dib_tag%3Dse%26keywords%3Dgaming%2Blaptops%26qid%3D1789820235%26sprefix%3D%252Caps%252C392%26sr%3D8-102-spons%26xpid%3DMMcXVFo9VX50C%26sp_csd%3Dd2lkZ2V0TmFtZT1zcF9idGY%26psc%3D1
A46: FUNYET Gaming Laptop,Window 11 Pro Laptop Computer, 15.6 Inch Lap Top PC 2026, AMD Ryzen 7 6800H Processor,24GB DDR5 1TB SSD, FHD Display,WiFi 5,BT5.0,Backlit Keyboard,Office 365 for Business,Work | B46: FUNYET | C46: Gaming | D46: =IF(OR(ISNUMBER(SEARCH("charger",A46)),ISNUMBER(SEARCH("cable",A46)),ISNUMBER(SEARCH("adapter",A46)),ISNUMBER(SEARCH("dock",A46)),ISNUMBER(SEARCH("replacement",A46))),"Accessory / Other",IF(OR(J46="Dedicated",ISNUMBER(SEARCH("rtx",J46&" "&K46)),ISNUMBER(SEARCH("gtx",J46&" "&K46)),ISNUMBER(SEARCH("rx 5",J46&" "&K46)),ISNUMBER(SEARCH("rx 6",J46&" "&K46)),ISNUMBER(SEARCH("rx 7",J46&" "&K46)),ISNUMBER(SEARCH("rx 8",J46&" "&K46)),ISNUMBER(SEARCH("rx 9",J46&" "&K46)),AND(IFERROR(N46>=120,FALSE),ISNUMBER(SEARCH("gaming",A46&" "&C46)))),"Gaming",IF(OR(ISNUMBER(SEARCH("thinkpad",C46)),ISNUMBER(SEARCH("latitude",C46)),ISNUMBER(SEARCH("probook",C46)),ISNUMBER(SEARCH("elitebook",C46)),ISNUMBER(SEARCH("office",A46&" "&Q46)),ISNUMBER(SEARCH("business",A46&" "&Q46)),AND(ISNUMBER(SEARCH("windows 11 pro",I46)),J46="Integrated")),"Office / Business",IF(OR(ISNUMBER(SEARCH("creator",A46&" "&Q46)),ISNUMBER(SEARCH("studio",A46&" "&C46)),ISNUMBER(SEARCH("workstation",A46&" "&C46)),ISNUMBER(SEARCH("precision",A46&" "&C46)),ISNUMBER(SEARCH("zbook",A46&" "&C46))),"Creator / Professional","Normal Use")))) -> Office / Business | E46: 15.6 | F46: AMD Ryzen 7 6800H Processor | G46: 24 | H46: 24 | I46: Not Provided | J46: Not Provided | K46: Not Provided | L46: FHD | M46: FHD | O46: Not Provided | P46: Not Provided | Q46: Backlit Keyboard | Office 365 | DDR5 | R46: WiFi 5 | S46: 4.4 | T46: 11 | U46: 188476.23 | V46: 235595.98 | W46: =((V46-U46)/V46)*100 -> 20.000235 | X46: =IF(W46>0,"Yes","No") -> Yes | Y46: 19036.38 | Z46: 29-09-2026 | AC46: https://aax-us-east-retail-direct.amazon.com/x/c/JNXP8YFCPUBQkb0pDcDrinAAAAGguZlxMQEAAAH2AQBvbm9fdHhuX2JpZDUgICBvbm9fdHhuX2ltcDEgICAuK-bB/clv1c_ek-YxPfXZcbYDfXQf6TPiQcsbQ40oToZBbvdhiRZUPq5iJ1evq-W_TC3eZNopBzr6kU-rSe1pKQ_dANfUKNjo0Llf4PbyTLuf8QzcI01aXE5IpPbLimBeJxohTogtTZBV5obpdgto__SIEHiWD836JMVq0K53jXqktxQzj_KiA7fG24DB8TdD8mDPCRvcHJWVSv2aux1NsPKofIdt0PV-O6eed-_r63GkJdSjB293aDQkxu4uANttxaZTBM0NQhg53Yq4cdpDw83qQ3t2R496Np1YIhophi_TlqwsS4h9JQjn8IX3xEnzLRE2xvOt9Yry65NT2z-iAS1lXEKWzx5BW-hyqpo0RQVen3DnYxtPXDTZ2s76QgVzQYSX9Ub1-w6DsI87g3y8R1oddkbCBD9SnMfzy7-EqdaLXP1BpWpzN24GQYXuoT9Fm21JZdQkn3eJJicX-ity_N9SZjFWnNjJWnGCQzT9SOgbFrCrEMzW-XN9SmDSKZMjAoNF_e5lBAVzsF_0MieiR60uJCAy27yxx8XfUDXhO_NIgEzIJT0_2SkbOf96JskEra5dyOHZW2MfghwF-43sz7-1DPrTV9h-dtOHjAMtBzUiYc_NjtuED1r0iRDW9TUdjbDx4IKf1hGmxT7v4B5e0cJ-fNClAghGHk6zNWhIa3l22bcRJ1_f_fCtrNtbutwap21eFx4f7twxMzpNFLSiPpTIR6n6QLnCUWVroeOCubS0anx673_j3BRsfXV5vImQ3WmgEAdCSvDkWHNItmb5OJarbKAbO2LhG95EdjX1IIbBihMmzDGDAaMXPHMnej0BNcgGHdpy5Ii87qQE_v_CEkbJp1H1AnR5k9SmNsT8qMbp1qqB9ppIDOglYdDubJ7M7EQQQYVwFwH9LwCvJDgjJ6mGteY2Qlg0lRMySZT1Ao2JsMWf1eld8XIkrS6scJBWCj0Jnnw541fkgqwx1MtWqWZdC0inwKeuYApuGWKE5fFEDMt2ex7XLjovZO_Wx56xjke6gfT8-EWg7nCrGYaZAbPneSgUXoYLdogVZGvxQIc2jYvYKo-4ZE4KuUVH27P3G37cW3a4FPjaSO4BgU0nxdRFfbDTfRo3Juj8h4QoV42ygiAcTI_reyLKr4EhUuUGtInBdgER1cL8pVt6r26AnED_MW9qhQFVolXmZGnMsp1jQ3Wl9UEu-mo5zmltsPNj0NagqdkTQJjTu5HLbCyAVrT2UTfbDGrwACZtrIge8sMCSPWMCr-wfRP955oGzUgk4gBDaaNz_GxkXx6EW0bR3hYZsU5-1pGQOS5eaYcsfX15k1af8jmNmq5SEzgUf5mxHU5kSCvSgsyIB1eepxHIIvSWik_sjcuhoq8ApQRhcKd92z-Lrub64ehCHQQeqY3Fq1RjkKa05PjF1UGQbVcnFymHNj0t8yT4XF2dLeitvloPHghyOeE7H3pu1nC5HyPm7RlDhUljDp8dRUo3kq0gUjYEQ2EKX4Iv0u9_YZaGJI5aukoLlQsI4wPYBfZzpG1qqvO-4UCUQZ3Oj8L6z27KMYq6D5IrPuxhnFcT85chxPWH3IxmEiVioUm-V32xYIqL6WSgvkXKzipht-DgliZLUrkTzpKux2vgO6zWolqSR-hBhb4ZwniHP3Y_3tuw_kIUYfVHgpwk5Yg2zsUdBp-_FNw7ol8GYJCPNzfXZKKU3uB/https://www.amazon.com/FUNYET-Computer-Processor-Keyboard-Business/dp/B0H4JHNJ4V/ref=sxbs_sbv_search_btf?content-id=amzn1.sym.2e5c46b0-593b-4bfb-83b8-c1fdea85a728%3Aamzn1.sym.2e5c46b0-593b-4bfb-83b8-c1fdea85a728&crid=3LC9VL11Q1Y6Z&cv_ct_cx=gaming+laptops&keywords=gaming+laptops&pd_rd_i=B0H4JHNJ4V&pd_rd_r=6923d531-fbb7-45cc-b68d-d443b5e176bb&pd_rd_w=PtNxy&pd_rd_wg=BvQYq&pf_rd_p=2e5c46b0-593b-4bfb-83b8-c1fdea85a728&pf_rd_r=36CAJJF0FRG77TKT7YBN&qid=1789820235&sbo=9ZOMT9Jm0JH%2Ft%2BWi68iDSA%3D%3D&sprefix=%2Caps%2C392&sr=1-81-87d802af-7e04-446f-94d1-b3797e6a400c&xpid=MMcXVFo9VX50C
A47: 2026 15.6" FHD Gaming Laptop, AMD Ryzen 7 6800H(up to 4.7GHz), 24GB , 1TB NVMe SSD, Windows 11 Pro Laptop Computer with Backlit Keyboard, 6 Ports for Gaming, Progming, Video Editing | B47: SAGAWHALE | C47: AMD Ryzen 7 6800H | D47: =IF(OR(ISNUMBER(SEARCH("charger",A47)),ISNUMBER(SEARCH("cable",A47)),ISNUMBER(SEARCH("adapter",A47)),ISNUMBER(SEARCH("dock",A47)),ISNUMBER(SEARCH("replacement",A47))),"Accessory / Other",IF(OR(J47="Dedicated",ISNUMBER(SEARCH("rtx",J47&" "&K47)),ISNUMBER(SEARCH("gtx",J47&" "&K47)),ISNUMBER(SEARCH("rx 5",J47&" "&K47)),ISNUMBER(SEARCH("rx 6",J47&" "&K47)),ISNUMBER(SEARCH("rx 7",J47&" "&K47)),ISNUMBER(SEARCH("rx 8",J47&" "&K47)),ISNUMBER(SEARCH("rx 9",J47&" "&K47)),AND(IFERROR(N47>=120,FALSE),ISNUMBER(SEARCH("gaming",A47&" "&C47)))),"Gaming",IF(OR(ISNUMBER(SEARCH("thinkpad",C47)),ISNUMBER(SEARCH("latitude",C47)),ISNUMBER(SEARCH("probook",C47)),ISNUMBER(SEARCH("elitebook",C47)),ISNUMBER(SEARCH("office",A47&" "&Q47)),ISNUMBER(SEARCH("business",A47&" "&Q47)),AND(ISNUMBER(SEARCH("windows 11 pro",I47)),J47="Integrated")),"Office / Business",IF(OR(ISNUMBER(SEARCH("creator",A47&" "&Q47)),ISNUMBER(SEARCH("studio",A47&" "&C47)),ISNUMBER(SEARCH("workstation",A47&" "&C47)),ISNUMBER(SEARCH("precision",A47&" "&C47)),ISNUMBER(SEARCH("zbook",A47&" "&C47))),"Creator / Professional","Normal Use")))) -> Normal Use | E47: 15.6 | F47: AMD Ryzen 7 | G47: 24 | H47: 1000 | I47: Windows 11 Pro | J47: Dedicated, Integrated | K47: Not Provided | L47: FHD | M47: FHD | O47: up to 4.7GHz | P47: Silver | Q47: Backlit Keyboard | Fingerprint Reader | R47: Not Provided | S47: 4 | T47: 21 | U47: 191247.98 | V47: 249454.73 | W47: =((V47-U47)/V47)*100 -> 23.333592 | X47: =IF(W47>0,"Yes","No") -> Yes | Y47: 17680.99 | Z47: 29-09-2026 | AB47: https://m.media-amazon.com/images/I/71S8I2zpiLL._AC_UY218_.jpg | AC47: https://www.amazon.com/Windows-Computer-Backlit-Keyboard-Progming/dp/B0HCC5KZ2H/ref=sr_1_98?crid=3LC9VL11Q1Y6Z&dib=eyJ2IjoiMSJ9.PLJq9iqyI_wGVxx-T4oFEwnGyZE_k5pXIi9a05-jMbntKXcg1DmH4gx-QEHvbYd0BQxhci1k3obNMxLBEEp3xP2Q9yKMX6-LIgXTdz2RvCRv_uCkkEDMJoUqpk0axdel89LniOFU0-pFFx5ZOJP1yJVsuWl4U-uEZKIuU71qBAp8CMaxXb6I0ChVziv5jb1utz6QYDJ55GG35DmKdp2Sh1mLDg9Ou92lZ7H32lubrmw.JENTxaWg_6-HihcfBjS1-pOJmsi8wEuYL_YdBfRhfQQ&dib_tag=se&keywords=gaming+laptops&qid=1789820299&sprefix=%2Caps%2C392&sr=8-98&xpid=MMcXVFo9VX50C
A48: ASUS ROG Strix G18 (2025) Gaming Laptop, 18" ROG FHD+ 16:10 144Hz, NVIDIA® GeForce RTX™ 5050, AMD Ryzen™ 9 8940HX Mobile Processor, 16GB DDR5-5200Mhz, 1TB SSD, Wi-Fi 6E, Wind 11 Home | B48: ASUS | C48: Strix G18 | D48: =IF(OR(ISNUMBER(SEARCH("charger",A48)),ISNUMBER(SEARCH("cable",A48)),ISNUMBER(SEARCH("adapter",A48)),ISNUMBER(SEARCH("dock",A48)),ISNUMBER(SEARCH("replacement",A48))),"Accessory / Other",IF(OR(J48="Dedicated",ISNUMBER(SEARCH("rtx",J48&" "&K48)),ISNUMBER(SEARCH("gtx",J48&" "&K48)),ISNUMBER(SEARCH("rx 5",J48&" "&K48)),ISNUMBER(SEARCH("rx 6",J48&" "&K48)),ISNUMBER(SEARCH("rx 7",J48&" "&K48)),ISNUMBER(SEARCH("rx 8",J48&" "&K48)),ISNUMBER(SEARCH("rx 9",J48&" "&K48)),AND(IFERROR(N48>=120,FALSE),ISNUMBER(SEARCH("gaming",A48&" "&C48)))),"Gaming",IF(OR(ISNUMBER(SEARCH("thinkpad",C48)),ISNUMBER(SEARCH("latitude",C48)),ISNUMBER(SEARCH("probook",C48)),ISNUMBER(SEARCH("elitebook",C48)),ISNUMBER(SEARCH("office",A48&" "&Q48)),ISNUMBER(SEARCH("business",A48&" "&Q48)),AND(ISNUMBER(SEARCH("windows 11 pro",I48)),J48="Integrated")),"Office / Business",IF(OR(ISNUMBER(SEARCH("creator",A48&" "&Q48)),ISNUMBER(SEARCH("studio",A48&" "&C48)),ISNUMBER(SEARCH("workstation",A48&" "&C48)),ISNUMBER(SEARCH("precision",A48&" "&C48)),ISNUMBER(SEARCH("zbook",A48&" "&C48))),"Creator / Professional","Normal Use")))) -> Gaming | E48: 18 | F48: Ryzen 9 | G48: 16 | H48: 1000 | I48: Windows 11 Home | J48: Dedicated | K48: NVIDIA GeForce RTX 5050 | L48: FHD | M48: FHD+ | N48: 144 | O48: Not Provided | P48: Black | Q48: Backlit Keyboard | HD Audio | Webcam | Wifi | R48: Wi-Fi 6E | S48: 4.4 | T48: 59 | U48: 457053.26 | V48: 457053.26 | W48: =((V48-U48)/V48)*100 -> 0 | X48: =IF(W48>0,"Yes","No") -> No | Y48: 26575.54 | Z48: 28-09-2026 | AB48: https://m.media-amazon.com/images/I/71aUQ0pgYGL._AC_UY218_.jpg | AC48: https://www.amazon.com/ASUS-ROG-Strix-Gaming-Laptop/dp/B0FGQW5J21/ref=sr_1_99?crid=3LC9VL11Q1Y6Z&dib=eyJ2IjoiMSJ9.PLJq9iqyI_wGVxx-T4oFEwnGyZE_k5pXIi9a05-jMbntKXcg1DmH4gx-QEHvbYd0BQxhci1k3obNMxLBEEp3xP2Q9yKMX6-LIgXTdz2RvCRv_uCkkEDMJoUqpk0axdel89LniOFU0-pFFx5ZOJP1yJVsuWl4U-uEZKIuU71qBAp8CMaxXb6I0ChVziv5jb1utz6QYDJ55GG35DmKdp2Sh1mLDg9Ou92lZ7H32lubrmw.JENTxaWg_6-HihcfBjS1-pOJmsi8wEuYL_YdBfRhfQQ&dib_tag=se&keywords=gaming+laptops&qid=1789820299&sprefix=%2Caps%2C392&sr=8-99&xpid=MMcXVFo9VX50C
A49: FUNYET 2026 Gaming Laptop, 15.6 Inch Laptop Computer Window 11 Pro, 24GB 1TB SSD, AMD Ryzen 7 6800H(up to 4.7GHz), 2-Year Warranty, FHD 1920 * 1080, Backlit Keyboard for Gaming, Video Editing | B49: FUNYET | C49: FUNYET | D49: =IF(OR(ISNUMBER(SEARCH("charger",A49)),ISNUMBER(SEARCH("cable",A49)),ISNUMBER(SEARCH("adapter",A49)),ISNUMBER(SEARCH("dock",A49)),ISNUMBER(SEARCH("replacement",A49))),"Accessory / Other",IF(OR(J49="Dedicated",ISNUMBER(SEARCH("rtx",J49&" "&K49)),ISNUMBER(SEARCH("gtx",J49&" "&K49)),ISNUMBER(SEARCH("rx 5",J49&" "&K49)),ISNUMBER(SEARCH("rx 6",J49&" "&K49)),ISNUMBER(SEARCH("rx 7",J49&" "&K49)),ISNUMBER(SEARCH("rx 8",J49&" "&K49)),ISNUMBER(SEARCH("rx 9",J49&" "&K49)),AND(IFERROR(N49>=120,FALSE),ISNUMBER(SEARCH("gaming",A49&" "&C49)))),"Gaming",IF(OR(ISNUMBER(SEARCH("thinkpad",C49)),ISNUMBER(SEARCH("latitude",C49)),ISNUMBER(SEARCH("probook",C49)),ISNUMBER(SEARCH("elitebook",C49)),ISNUMBER(SEARCH("office",A49&" "&Q49)),ISNUMBER(SEARCH("business",A49&" "&Q49)),AND(ISNUMBER(SEARCH("windows 11 pro",I49)),J49="Integrated")),"Office / Business",IF(OR(ISNUMBER(SEARCH("creator",A49&" "&Q49)),ISNUMBER(SEARCH("studio",A49&" "&C49)),ISNUMBER(SEARCH("workstation",A49&" "&C49)),ISNUMBER(SEARCH("precision",A49&" "&C49)),ISNUMBER(SEARCH("zbook",A49&" "&C49))),"Creator / Professional","Normal Use")))) -> Normal Use | E49: 15.6 | F49: AMD Ryzen 7 | G49: 24 | H49: 1000 | I49: Windows 11 Pro | J49: 4.7 GHz | K49: Not Provided | L49: FHD | M49: FHD | O49: up to 4.7GHz | P49: Silver | Q49: Backlit Keyboard | Fingerprint Reader | HD Audio | Lightweight | Numeric Keypad | Integrated | R49: Not Provided | S49: 4.1 | T49: 19 | U49: 202334.98 | V49: 202334.98 | W49: =((V49-U49)/V49)*100 -> 0 | X49: =IF(W49>0,"Yes","No") -> No | Y49: 19008.66 | Z49: 29-09-2026 | AB49: https://m.media-amazon.com/images/I/71J7jWR1v8L._AC_UY218_.jpg | AC49: https://www.amazon.com/FUNYET-Computer-Warranty-Backlit-Keyboard/dp/B0H1LG825P/ref=sr_1_101?crid=3LC9VL11Q1Y6Z&dib=eyJ2IjoiMSJ9.PLJq9iqyI_wGVxx-T4oFEwnGyZE_k5pXIi9a05-jMbntKXcg1DmH4gx-QEHvbYd0BQxhci1k3obNMxLBEEp3xP2Q9yKMX6-LIgXTdz2RvCRv_uCkkEDMJoUqpk0axdel89LniOFU0-pFFx5ZOJP1yJVsuWl4U-uEZKIuU71qBAp8CMaxXb6I0ChVziv5jb1utz6QYDJ55GG35DmKdp2Sh1mLDg9Ou92lZ7H32lubrmw.JENTxaWg_6-HihcfBjS1-pOJmsi8wEuYL_YdBfRhfQQ&dib_tag=se&keywords=gaming+laptops&qid=1789820299&sprefix=%2Caps%2C392&sr=8-101&xpid=MMcXVFo9VX50C
A50: Alienware 15 Gaming Laptop, RTX 4050, Intel Core 7 240H, Windows 11 Home | B50: Alienware | C50: Dell Alienware Da15260 Gaming Laptop | D50: =IF(OR(ISNUMBER(SEARCH("charger",A50)),ISNUMBER(SEARCH("cable",A50)),ISNUMBER(SEARCH("adapter",A50)),ISNUMBER(SEARCH("dock",A50)),ISNUMBER(SEARCH("replacement",A50))),"Accessory / Other",IF(OR(J50="Dedicated",ISNUMBER(SEARCH("rtx",J50&" "&K50)),ISNUMBER(SEARCH("gtx",J50&" "&K50)),ISNUMBER(SEARCH("rx 5",J50&" "&K50)),ISNUMBER(SEARCH("rx 6",J50&" "&K50)),ISNUMBER(SEARCH("rx 7",J50&" "&K50)),ISNUMBER(SEARCH("rx 8",J50&" "&K50)),ISNUMBER(SEARCH("rx 9",J50&" "&K50)),AND(IFERROR(N50>=120,FALSE),ISNUMBER(SEARCH("gaming",A50&" "&C50)))),"Gaming",IF(OR(ISNUMBER(SEARCH("thinkpad",C50)),ISNUMBER(SEARCH("latitude",C50)),ISNUMBER(SEARCH("probook",C50)),ISNUMBER(SEARCH("elitebook",C50)),ISNUMBER(SEARCH("office",A50&" "&Q50)),ISNUMBER(SEARCH("business",A50&" "&Q50)),AND(ISNUMBER(SEARCH("windows 11 pro",I50)),J50="Integrated")),"Office / Business",IF(OR(ISNUMBER(SEARCH("creator",A50&" "&Q50)),ISNUMBER(SEARCH("studio",A50&" "&C50)),ISNUMBER(SEARCH("workstation",A50&" "&C50)),ISNUMBER(SEARCH("precision",A50&" "&C50)),ISNUMBER(SEARCH("zbook",A50&" "&C50))),"Creator / Professional","Normal Use")))) -> Gaming | E50: 15.3 | F50: Intel Core 7 | G50: 16 | H50: 1000 | I50: Windows 11 Home | J50: Dedicated | K50: RTX 4050 | L50: Not Provided | M50: Not Provided | O50: Not Provided | P50: Black | Q50: Backlit Keyboard | Numeric Keypad | R50: Not Provided | S50: 0 | T50: 0 | U50: 388042.23 | V50: 388042.23 | W50: =((V50-U50)/V50)*100 -> 0 | X50: =IF(W50>0,"Yes","No") -> No | Y50: 21691.72 | Z50: 28-09-2026 | AB50: https://m.media-amazon.com/images/I/6118aJlxSfL._AC_UY218_.jpg | AC50: https://www.amazon.com/Alienware-Gaming-Laptop-Intel-Windows/dp/B0H5M2WZYC/ref=sr_1_106?crid=3LC9VL11Q1Y6Z&dib=eyJ2IjoiMSJ9.PLJq9iqyI_wGVxx-T4oFEwnGyZE_k5pXIi9a05-jMbntKXcg1DmH4gx-QEHvbYd0BQxhci1k3obNMxLBEEp3xP2Q9yKMX6-LIgXTdz2RvCRv_uCkkEDMJoUqpk0axdel89LniOFU0-pFFx5ZOJP1yJVsuWl4U-uEZKIuU71qBAp8CMaxXb6I0ChVziv5jb1utz6QYDJ55GG35DmKdp2Sh1mLDg9Ou92lZ7H32lubrmw.JENTxaWg_6-HihcfBjS1-pOJmsi8wEuYL_YdBfRhfQQ&dib_tag=se&keywords=gaming+laptops&qid=1789820299&sprefix=%2Caps%2C392&sr=8-106&xpid=MMcXVFo9VX50C
A51: ASUS ROG Strix SCAR 18 (2025) Gaming Laptop, 18" ROG Nebula HDR 16:10 2.5K 240Hz/3ms, NVIDIA® GeForce RTX™ 5080, Intel® Core™ Ultra 9 275HX, 32GB DDR5-5600, 2TB PCIe Gen 4 SSD, Wi-Fi 7, Windows 11 Pro | B51: ASUS | C51: ROG Strix SCAR 18 | D51: =IF(OR(ISNUMBER(SEARCH("charger",A51)),ISNUMBER(SEARCH("cable",A51)),ISNUMBER(SEARCH("adapter",A51)),ISNUMBER(SEARCH("dock",A51)),ISNUMBER(SEARCH("replacement",A51))),"Accessory / Other",IF(OR(J51="Dedicated",ISNUMBER(SEARCH("rtx",J51&" "&K51)),ISNUMBER(SEARCH("gtx",J51&" "&K51)),ISNUMBER(SEARCH("rx 5",J51&" "&K51)),ISNUMBER(SEARCH("rx 6",J51&" "&K51)),ISNUMBER(SEARCH("rx 7",J51&" "&K51)),ISNUMBER(SEARCH("rx 8",J51&" "&K51)),ISNUMBER(SEARCH("rx 9",J51&" "&K51)),AND(IFERROR(N51>=120,FALSE),ISNUMBER(SEARCH("gaming",A51&" "&C51)))),"Gaming",IF(OR(ISNUMBER(SEARCH("thinkpad",C51)),ISNUMBER(SEARCH("latitude",C51)),ISNUMBER(SEARCH("probook",C51)),ISNUMBER(SEARCH("elitebook",C51)),ISNUMBER(SEARCH("office",A51&" "&Q51)),ISNUMBER(SEARCH("business",A51&" "&Q51)),AND(ISNUMBER(SEARCH("windows 11 pro",I51)),J51="Integrated")),"Office / Business",IF(OR(ISNUMBER(SEARCH("creator",A51&" "&Q51)),ISNUMBER(SEARCH("studio",A51&" "&C51)),ISNUMBER(SEARCH("workstation",A51&" "&C51)),ISNUMBER(SEARCH("precision",A51&" "&C51)),ISNUMBER(SEARCH("zbook",A51&" "&C51))),"Creator / Professional","Normal Use")))) -> Gaming | E51: 18 | F51: Intel Core Ultra 9 | G51: 32 | H51: 2000 | I51: Windows 11 Pro | J51: Dedicated | K51: NVIDIA GeForce RTX 5080 | L51: 2.5K | M51: Not Provided | N51: 240 | O51: Not Provided | P51: Off Black | Q51: RGB Fans | R51: Wi-Fi 7 | S51: 3.9 | T51: 73 | U51: 942392.23 | V51: 942392.23 | W51: =((V51-U51)/V51)*100 -> 0 | X51: =IF(W51>0,"Yes","No") -> No | Y51: 29962.62 | AB51: https://m.media-amazon.com/images/I/71GhOCogx0L._AC_UY218_.jpg | AC51: https://www.amazon.com/ASUS-Strix-Gaming-Laptop-Nebula/dp/B0DW29H85Z/ref=sr_1_113?crid=3LC9VL11Q1Y6Z&dib=eyJ2IjoiMSJ9.Nl3KqH_RE4UiWXnH5fM80KpzAVbfZsa9Qqfm-t2vXNX1wH2RCreqSkdp5QWPaphLzr2qIKVYrrbuap1VYOM_Ng1BYg58jhNUpTcbAGg5dNHAkEjlt8bnCoYHpRRVAGvQuSOUTJmlO1sXgk7WpsuLqPAc7ZL3hZg9PwMR6cBDFYX9vBqV4pNyJnWdPZ07VoPv9Sne9NysmyyJmAoyfgT2Ygs1FonTXPWMS9YUyjKHELg.Vj2sTqmXvNTfmGPgVHVSudJe75G9JtBieR4851d7lXQ&dib_tag=se&keywords=gaming+laptops&qid=1789820374&sprefix=%2Caps%2C392&sr=8-113&xpid=MMcXVFo9VX50C
A52: 15.6'' AI Laptop with Office 365 12GB 256GB SSD Win 11 Laptops | B52: AKCHART | C52: M156FH | D52: =IF(OR(ISNUMBER(SEARCH("charger",A52)),ISNUMBER(SEARCH("cable",A52)),ISNUMBER(SEARCH("adapter",A52)),ISNUMBER(SEARCH("dock",A52)),ISNUMBER(SEARCH("replacement",A52))),"Accessory / Other",IF(OR(J52="Dedicated",ISNUMBER(SEARCH("rtx",J52&" "&K52)),ISNUMBER(SEARCH("gtx",J52&" "&K52)),ISNUMBER(SEARCH("rx 5",J52&" "&K52)),ISNUMBER(SEARCH("rx 6",J52&" "&K52)),ISNUMBER(SEARCH("rx 7",J52&" "&K52)),ISNUMBER(SEARCH("rx 8",J52&" "&K52)),ISNUMBER(SEARCH("rx 9",J52&" "&K52)),AND(IFERROR(N52>=120,FALSE),ISNUMBER(SEARCH("gaming",A52&" "&C52)))),"Gaming",IF(OR(ISNUMBER(SEARCH("thinkpad",C52)),ISNUMBER(SEARCH("latitude",C52)),ISNUMBER(SEARCH("probook",C52)),ISNUMBER(SEARCH("elitebook",C52)),ISNUMBER(SEARCH("office",A52&" "&Q52)),ISNUMBER(SEARCH("business",A52&" "&Q52)),AND(ISNUMBER(SEARCH("windows 11 pro",I52)),J52="Integrated")),"Office / Business",IF(OR(ISNUMBER(SEARCH("creator",A52&" "&Q52)),ISNUMBER(SEARCH("studio",A52&" "&C52)),ISNUMBER(SEARCH("workstation",A52&" "&C52)),ISNUMBER(SEARCH("precision",A52&" "&C52)),ISNUMBER(SEARCH("zbook",A52&" "&C52))),"Creator / Professional","Normal Use")))) -> Office / Business | E52: 15.6 | F52: Celeron | G52: 12 | H52: 256 | I52: Windows 11 Home | J52: Integrated | K52: Not Provided | L52: Not Provided | M52: Not Provided | O52: Not Provided | P52: Light Gray | Q52: HD Audio | Lightweight | Card Slot | Numeric Keypad | R52: Not Provided | S52: 4.4 | T52: 2300 | U52: 91462.21 | V52: 155215.23 | W52: =((V52-U52)/V52)*100 -> 41.073946 | X52: =IF(W52>0,"Yes","No") -> Yes | Y52: 18274.15 | Z52: 29-09-2026 | AB52: https://m.media-amazon.com/images/I/714TSHAAQrL._AC_UY218_.jpg | AC52: https://www.amazon.com/AKCHART-Laptop-Office-256GB-Laptops/dp/B0H94LG15F/ref=sr_1_115?crid=3LC9VL11Q1Y6Z&dib=eyJ2IjoiMSJ9.Nl3KqH_RE4UiWXnH5fM80KpzAVbfZsa9Qqfm-t2vXNX1wH2RCreqSkdp5QWPaphLzr2qIKVYrrbuap1VYOM_Ng1BYg58jhNUpTcbAGg5dNHAkEjlt8bnCoYHpRRVAGvQuSOUTJmlO1sXgk7WpsuLqPAc7ZL3hZg9PwMR6cBDFYX9vBqV4pNyJnWdPZ07VoPv9Sne9NysmyyJmAoyfgT2Ygs1FonTXPWMS9YUyjKHELg.Vj2sTqmXvNTfmGPgVHVSudJe75G9JtBieR4851d7lXQ&dib_tag=se&keywords=gaming+laptops&qid=1789820374&sprefix=%2Caps%2C392&sr=8-115&xpid=MMcXVFo9VX50C
A53: Acer Nitro V Gaming Laptop | Intel Core i5-13420H Processor | NVIDIA GeForce RTX 4050 Laptop GPU | 15.6" FHD IPS 165Hz Display | 8GB DDR5 | 512GB Gen 4 SSD | Wi-Fi 6 | Backlit KB | ANV15-52-586Z | B53: Acer | C53: Nitro V | D53: =IF(OR(ISNUMBER(SEARCH("charger",A53)),ISNUMBER(SEARCH("cable",A53)),ISNUMBER(SEARCH("adapter",A53)),ISNUMBER(SEARCH("dock",A53)),ISNUMBER(SEARCH("replacement",A53))),"Accessory / Other",IF(OR(J53="Dedicated",ISNUMBER(SEARCH("rtx",J53&" "&K53)),ISNUMBER(SEARCH("gtx",J53&" "&K53)),ISNUMBER(SEARCH("rx 5",J53&" "&K53)),ISNUMBER(SEARCH("rx 6",J53&" "&K53)),ISNUMBER(SEARCH("rx 7",J53&" "&K53)),ISNUMBER(SEARCH("rx 8",J53&" "&K53)),ISNUMBER(SEARCH("rx 9",J53&" "&K53)),AND(IFERROR(N53>=120,FALSE),ISNUMBER(SEARCH("gaming",A53&" "&C53)))),"Gaming",IF(OR(ISNUMBER(SEARCH("thinkpad",C53)),ISNUMBER(SEARCH("latitude",C53)),ISNUMBER(SEARCH("probook",C53)),ISNUMBER(SEARCH("elitebook",C53)),ISNUMBER(SEARCH("office",A53&" "&Q53)),ISNUMBER(SEARCH("business",A53&" "&Q53)),AND(ISNUMBER(SEARCH("windows 11 pro",I53)),J53="Integrated")),"Office / Business",IF(OR(ISNUMBER(SEARCH("creator",A53&" "&Q53)),ISNUMBER(SEARCH("studio",A53&" "&C53)),ISNUMBER(SEARCH("workstation",A53&" "&C53)),ISNUMBER(SEARCH("precision",A53&" "&C53)),ISNUMBER(SEARCH("zbook",A53&" "&C53))),"Creator / Professional","Normal Use")))) -> Gaming | E53: 15.6 | F53: Core i5 | G53: 8 | H53: 512 | I53: Windows 11 Home | J53: Dedicated | K53: NVIDIA GeForce RTX 4050 | L53: FHD | M53: FHD | N53: 165 | O53: Not Provided | P53: Black | Q53: Backlit Keyboard | Numeric Keypad | R53: Wi-Fi 6 | S53: 4.5 | T53: 410 | U53: 263313.48 | V53: 263313.48 | W53: =((V53-U53)/V53)*100 -> 0 | X53: =IF(W53>0,"Yes","No") -> No | Y53: 22356.94 | Z53: 29-09-2026 | AB53: https://m.media-amazon.com/images/I/71gXelI8upL._AC_UY218_.jpg | AC53: https://www.amazon.com/i5-13420H-Processor-GeForce-Display-ANV15-52-586Z/dp/B0F5KTGDS9/ref=sr_1_117?crid=3LC9VL11Q1Y6Z&dib=eyJ2IjoiMSJ9.Nl3KqH_RE4UiWXnH5fM80KpzAVbfZsa9Qqfm-t2vXNX1wH2RCreqSkdp5QWPaphLzr2qIKVYrrbuap1VYOM_Ng1BYg58jhNUpTcbAGg5dNHAkEjlt8bnCoYHpRRVAGvQuSOUTJmlO1sXgk7WpsuLqPAc7ZL3hZg9PwMR6cBDFYX9vBqV4pNyJnWdPZ07VoPv9Sne9NysmyyJmAoyfgT2Ygs1FonTXPWMS9YUyjKHELg.Vj2sTqmXvNTfmGPgVHVSudJe75G9JtBieR4851d7lXQ&dib_tag=se&keywords=gaming+laptops&qid=1789820374&sprefix=%2Caps%2C392&sr=8-117&xpid=MMcXVFo9VX50C
A54: msi Stealth 16 AI+ 16" 240Hz QHD+ OLED Gaming Laptop: Intel Core Ultra 9 386H, NVIDIA Geforce RTX 5070Ti, 32GB DDR5, 1TB NVMe SSD, Wi-Fi 7, Win 11 Home: Charcoal Black B3WH-036US | B54: msi | C54: Stealth 16 AI+ B3WH-036US | D54: =IF(OR(ISNUMBER(SEARCH("charger",A54)),ISNUMBER(SEARCH("cable",A54)),ISNUMBER(SEARCH("adapter",A54)),ISNUMBER(SEARCH("dock",A54)),ISNUMBER(SEARCH("replacement",A54))),"Accessory / Other",IF(OR(J54="Dedicated",ISNUMBER(SEARCH("rtx",J54&" "&K54)),ISNUMBER(SEARCH("gtx",J54&" "&K54)),ISNUMBER(SEARCH("rx 5",J54&" "&K54)),ISNUMBER(SEARCH("rx 6",J54&" "&K54)),ISNUMBER(SEARCH("rx 7",J54&" "&K54)),ISNUMBER(SEARCH("rx 8",J54&" "&K54)),ISNUMBER(SEARCH("rx 9",J54&" "&K54)),AND(IFERROR(N54>=120,FALSE),ISNUMBER(SEARCH("gaming",A54&" "&C54)))),"Gaming",IF(OR(ISNUMBER(SEARCH("thinkpad",C54)),ISNUMBER(SEARCH("latitude",C54)),ISNUMBER(SEARCH("probook",C54)),ISNUMBER(SEARCH("elitebook",C54)),ISNUMBER(SEARCH("office",A54&" "&Q54)),ISNUMBER(SEARCH("business",A54&" "&Q54)),AND(ISNUMBER(SEARCH("windows 11 pro",I54)),J54="Integrated")),"Office / Business",IF(OR(ISNUMBER(SEARCH("creator",A54&" "&Q54)),ISNUMBER(SEARCH("studio",A54&" "&C54)),ISNUMBER(SEARCH("workstation",A54&" "&C54)),ISNUMBER(SEARCH("precision",A54&" "&C54)),ISNUMBER(SEARCH("zbook",A54&" "&C54))),"Creator / Professional","Normal Use")))) -> Gaming | E54: 16 | F54: Intel Core 9 | G54: 32 | H54: 1000 | I54: Windows 11 Home | J54: RTX 5070Ti | K54: NVIDIA Geforce RTX 5070Ti | L54: QHD | M54: QHD+ | N54: 240 | O54: Not Provided | P54: Black | Q54: Backlit Keyboard | R54: Wi-Fi 7 | S54: 4.1 | T54: 6 | U54: 859239.73 | V54: 859239.73 | W54: =((V54-U54)/V54)*100 -> 0 | X54: =IF(W54>0,"Yes","No") -> No | Y54: 23435.15 | Z54: 29-09-2026 | AB54: https://m.media-amazon.com/images/I/71UUyEKL46L._AC_UY218_.jpg | AC54: https://www.amazon.com/msi-Stealth-240Hz-Gaming-Laptop/dp/B0GVPSK8M7/ref=sr_1_119?crid=3LC9VL11Q1Y6Z&dib=eyJ2IjoiMSJ9.Nl3KqH_RE4UiWXnH5fM80KpzAVbfZsa9Qqfm-t2vXNX1wH2RCreqSkdp5QWPaphLzr2qIKVYrrbuap1VYOM_Ng1BYg58jhNUpTcbAGg5dNHAkEjlt8bnCoYHpRRVAGvQuSOUTJmlO1sXgk7WpsuLqPAc7ZL3hZg9PwMR6cBDFYX9vBqV4pNyJnWdPZ07VoPv9Sne9NysmyyJmAoyfgT2Ygs1FonTXPWMS9YUyjKHELg.Vj2sTqmXvNTfmGPgVHVSudJe75G9JtBieR4851d7lXQ&dib_tag=se&keywords=gaming+laptops&qid=1789820374&sprefix=%2Caps%2C392&sr=8-119&xpid=MMcXVFo9VX50C
A55: NAIKLULU Laptop Computer, Win 11 Pro Lap Top, 15.6 Inch Laptop PC 2026, 16GB 256GB SSD, M3-6Y30 Processor, FHD Display 1920 * 1080P, WIFI5, BT4.2, 5000mAh Battery, for School Business Student | B55: NAIKLULU | C55: Laptop | D55: =IF(OR(ISNUMBER(SEARCH("charger",A55)),ISNUMBER(SEARCH("cable",A55)),ISNUMBER(SEARCH("adapter",A55)),ISNUMBER(SEARCH("dock",A55)),ISNUMBER(SEARCH("replacement",A55))),"Accessory / Other",IF(OR(J55="Dedicated",ISNUMBER(SEARCH("rtx",J55&" "&K55)),ISNUMBER(SEARCH("gtx",J55&" "&K55)),ISNUMBER(SEARCH("rx 5",J55&" "&K55)),ISNUMBER(SEARCH("rx 6",J55&" "&K55)),ISNUMBER(SEARCH("rx 7",J55&" "&K55)),ISNUMBER(SEARCH("rx 8",J55&" "&K55)),ISNUMBER(SEARCH("rx 9",J55&" "&K55)),AND(IFERROR(N55>=120,FALSE),ISNUMBER(SEARCH("gaming",A55&" "&C55)))),"Gaming",IF(OR(ISNUMBER(SEARCH("thinkpad",C55)),ISNUMBER(SEARCH("latitude",C55)),ISNUMBER(SEARCH("probook",C55)),ISNUMBER(SEARCH("elitebook",C55)),ISNUMBER(SEARCH("office",A55&" "&Q55)),ISNUMBER(SEARCH("business",A55&" "&Q55)),AND(ISNUMBER(SEARCH("windows 11 pro",I55)),J55="Integrated")),"Office / Business",IF(OR(ISNUMBER(SEARCH("creator",A55&" "&Q55)),ISNUMBER(SEARCH("studio",A55&" "&C55)),ISNUMBER(SEARCH("workstation",A55&" "&C55)),ISNUMBER(SEARCH("precision",A55&" "&C55)),ISNUMBER(SEARCH("zbook",A55&" "&C55))),"Creator / Professional","Normal Use")))) -> Office / Business | E55: 15.6 | F55: Not Provided | G55: 16 | H55: 16 | I55: Win 11 Pro | J55: Not Provided | K55: Not Provided | L55: FHD | M55: FHD | O55: Not Provided | P55: Not Provided | Q55: 5000mAh | R55: WIFI5 | S55: 3.2 | T55: 18 | U55: 97008.48 | V55: 97008.48 | W55: =((V55-U55)/V55)*100 -> 0 | X55: =IF(W55>0,"Yes","No") -> No | Y55: 18152.19 | Z55: 29-09-2026 | AB55: https://m.media-amazon.com/images/I/71owJtHwgEL._AC_UY218_.jpg | AC55: https://www.amazon.com/sspa/click?ie=UTF8&spc=MTo3NjUwODg3NDYxODQwODY1OjE3ODk4MjA0NTU6c3BfYXRmX25leHQ6MzAxNTMwNjQyODI2NDAyOjowOjo&url=%2FNAIKLULU-Computer-M3-6Y30-Processor-Business%2Fdp%2FB0GY8JG1P1%2Fref%3Dsr_1_129_sspa%3Fcrid%3D3LC9VL11Q1Y6Z%26dib%3DeyJ2IjoiMSJ9.LSv-OUROLwDziXtNdnRjzdGh-s6by15B6m6ILEe4J7eTX8nS08tZ_bjbYuIqz0uI0XPooMvCqusmsILFxCL6hcLqv1IBpLLr99uOwpGtDm5pwhAFJDZpUYBj17yFte_82YCaW9Df3U2H22EzWIjrS5hU7PnxPB_ofY5xAcTHGAMMFkjDNhtG2ikgJHFKAHDGKi9uWulyLI4V6CZ2t_9Li0osS7n8qon5C9nBp_zAbag.Pma76vspx2yJzGC-K0-pnxDiPgLufxE8f8SBAZdxRR0%26dib_tag%3Dse%26keywords%3Dgaming%2Blaptops%26qid%3D1789820455%26sprefix%3D%252Caps%252C392%26sr%3D8-129-spons%26xpid%3DMMcXVFo9VX50C%26sp_csd%3Dd2lkZ2V0TmFtZT1zcF9hdGZfbmV4dA%26psc%3D1
B56: Not Provided | C56: Not Provided | D56: =IF(OR(ISNUMBER(SEARCH("charger",A56)),ISNUMBER(SEARCH("cable",A56)),ISNUMBER(SEARCH("adapter",A56)),ISNUMBER(SEARCH("dock",A56)),ISNUMBER(SEARCH("replacement",A56))),"Accessory / Other",IF(OR(J56="Dedicated",ISNUMBER(SEARCH("rtx",J56&" "&K56)),ISNUMBER(SEARCH("gtx",J56&" "&K56)),ISNUMBER(SEARCH("rx 5",J56&" "&K56)),ISNUMBER(SEARCH("rx 6",J56&" "&K56)),ISNUMBER(SEARCH("rx 7",J56&" "&K56)),ISNUMBER(SEARCH("rx 8",J56&" "&K56)),ISNUMBER(SEARCH("rx 9",J56&" "&K56)),AND(IFERROR(N56>=120,FALSE),ISNUMBER(SEARCH("gaming",A56&" "&C56)))),"Gaming",IF(OR(ISNUMBER(SEARCH("thinkpad",C56)),ISNUMBER(SEARCH("latitude",C56)),ISNUMBER(SEARCH("probook",C56)),ISNUMBER(SEARCH("elitebook",C56)),ISNUMBER(SEARCH("office",A56&" "&Q56)),ISNUMBER(SEARCH("business",A56&" "&Q56)),AND(ISNUMBER(SEARCH("windows 11 pro",I56)),J56="Integrated")),"Office / Business",IF(OR(ISNUMBER(SEARCH("creator",A56&" "&Q56)),ISNUMBER(SEARCH("studio",A56&" "&C56)),ISNUMBER(SEARCH("workstation",A56&" "&C56)),ISNUMBER(SEARCH("precision",A56&" "&C56)),ISNUMBER(SEARCH("zbook",A56&" "&C56))),"Creator / Professional","Normal Use")))) -> Normal Use | F56: Not Provided | I56: Not Provided | J56: Not Provided | K56: Not Provided | L56: Not Provided | M56: Not Provided | O56: Not Provided | P56: Not Provided | R56: Not Provided | S56: 3 | T56: 2 | U56: 1856795.3 | V56: 1856795.3 | W56: =((V56-U56)/V56)*100 -> 0 | X56: =IF(W56>0,"Yes","No") -> No | Y56: 32936.71 | Z56: 29-09-2026 | AB56: https://m.media-amazon.com/images/I/712N6JcMQeL._AC_UY218_.jpg | AC56: https://www.amazon.com/msi-Titan-MiniLED-Gaming-Laptop/dp/B0GXWWNG6F/ref=sr_1_134?crid=3LC9VL11Q1Y6Z&dib=eyJ2IjoiMSJ9.LSv-OUROLwDziXtNdnRjzdGh-s6by15B6m6ILEe4J7eTX8nS08tZ_bjbYuIqz0uI0XPooMvCqusmsILFxCL6hcLqv1IBpLLr99uOwpGtDm5pwhAFJDZpUYBj17yFte_82YCaW9Df3U2H22EzWIjrS5hU7PnxPB_ofY5xAcTHGAMMFkjDNhtG2ikgJHFKAHDGKi9uWulyLI4V6CZ2t_9Li0osS7n8qon5C9nBp_zAbag.Pma76vspx2yJzGC-K0-pnxDiPgLufxE8f8SBAZdxRR0&dib_tag=se&keywords=gaming+laptops&qid=1789820455&sprefix=%2Caps%2C392&sr=8-134&xpid=MMcXVFo9VX50C
A57: msi Titan 18 HX AI 18" 240Hz MiniLED UHD+ Gaming Laptop: Intel Ultra 9-290HX, NVIDIA Geforce RTX 5090, 64GB DDR5, 4TB NVMe SSD, Thunderbolt 5, Wi-Fi 7, Win 11 Pro: Black A2WJ-1258US | B57: ASUS | C57: FX607VU-DS73 | D57: =IF(OR(ISNUMBER(SEARCH("charger",A57)),ISNUMBER(SEARCH("cable",A57)),ISNUMBER(SEARCH("adapter",A57)),ISNUMBER(SEARCH("dock",A57)),ISNUMBER(SEARCH("replacement",A57))),"Accessory / Other",IF(OR(J57="Dedicated",ISNUMBER(SEARCH("rtx",J57&" "&K57)),ISNUMBER(SEARCH("gtx",J57&" "&K57)),ISNUMBER(SEARCH("rx 5",J57&" "&K57)),ISNUMBER(SEARCH("rx 6",J57&" "&K57)),ISNUMBER(SEARCH("rx 7",J57&" "&K57)),ISNUMBER(SEARCH("rx 8",J57&" "&K57)),ISNUMBER(SEARCH("rx 9",J57&" "&K57)),AND(IFERROR(N57>=120,FALSE),ISNUMBER(SEARCH("gaming",A57&" "&C57)))),"Gaming",IF(OR(ISNUMBER(SEARCH("thinkpad",C57)),ISNUMBER(SEARCH("latitude",C57)),ISNUMBER(SEARCH("probook",C57)),ISNUMBER(SEARCH("elitebook",C57)),ISNUMBER(SEARCH("office",A57&" "&Q57)),ISNUMBER(SEARCH("business",A57&" "&Q57)),AND(ISNUMBER(SEARCH("windows 11 pro",I57)),J57="Integrated")),"Office / Business",IF(OR(ISNUMBER(SEARCH("creator",A57&" "&Q57)),ISNUMBER(SEARCH("studio",A57&" "&C57)),ISNUMBER(SEARCH("workstation",A57&" "&C57)),ISNUMBER(SEARCH("precision",A57&" "&C57)),ISNUMBER(SEARCH("zbook",A57&" "&C57))),"Creator / Professional","Normal Use")))) -> Gaming | E57: 16 | F57: Core i7 | G57: 16 | H57: 512 | I57: Windows 11 Home | J57: Dedicated | K57: NVIDIA Geforce RTX 5090 | L57: UHD | M57: UHD | N57: 240 | O57: Not Provided | P57: Mecha Gray | Q57: Backlit Keyboard | R57: Wi-Fi 7 | Thunderbolt 5 | S57: 5 | T57: 1 | U57: 362614.19 | V57: 362614.19 | W57: =((V57-U57)/V57)*100 -> 0 | X57: =IF(W57>0,"Yes","No") -> No | Y57: 23033.24 | Z57: 29-09-2026 | AB57: https://m.media-amazon.com/images/I/71ZEi4fMrzL._AC_UY218_.jpg | AC57: https://www.amazon.com/ASUS-Gaming-Laptop-144Hz-IPS-Level/dp/B0F1BZQ7G5/ref=sr_1_135?crid=3LC9VL11Q1Y6Z&dib=eyJ2IjoiMSJ9.LSv-OUROLwDziXtNdnRjzdGh-s6by15B6m6ILEe4J7eTX8nS08tZ_bjbYuIqz0uI0XPooMvCqusmsILFxCL6hcLqv1IBpLLr99uOwpGtDm5pwhAFJDZpUYBj17yFte_82YCaW9Df3U2H22EzWIjrS5hU7PnxPB_ofY5xAcTHGAMMFkjDNhtG2ikgJHFKAHDGKi9uWulyLI4V6CZ2t_9Li0osS7n8qon5C9nBp_zAbag.Pma76vspx2yJzGC-K0-pnxDiPgLufxE8f8SBAZdxRR0&dib_tag=se&keywords=gaming+laptops&qid=1789820455&sprefix=%2Caps%2C392&sr=8-135&xpid=MMcXVFo9VX50C
A58: NIMO 17.3" Light Gaming Laptop, AMD Ryzen 7 7735HS, 16GB DDR5 512GB | B58: NIMO | C58: 17.3" Light | D58: =IF(OR(ISNUMBER(SEARCH("charger",A58)),ISNUMBER(SEARCH("cable",A58)),ISNUMBER(SEARCH("adapter",A58)),ISNUMBER(SEARCH("dock",A58)),ISNUMBER(SEARCH("replacement",A58))),"Accessory / Other",IF(OR(J58="Dedicated",ISNUMBER(SEARCH("rtx",J58&" "&K58)),ISNUMBER(SEARCH("gtx",J58&" "&K58)),ISNUMBER(SEARCH("rx 5",J58&" "&K58)),ISNUMBER(SEARCH("rx 6",J58&" "&K58)),ISNUMBER(SEARCH("rx 7",J58&" "&K58)),ISNUMBER(SEARCH("rx 8",J58&" "&K58)),ISNUMBER(SEARCH("rx 9",J58&" "&K58)),AND(IFERROR(N58>=120,FALSE),ISNUMBER(SEARCH("gaming",A58&" "&C58)))),"Gaming",IF(OR(ISNUMBER(SEARCH("thinkpad",C58)),ISNUMBER(SEARCH("latitude",C58)),ISNUMBER(SEARCH("probook",C58)),ISNUMBER(SEARCH("elitebook",C58)),ISNUMBER(SEARCH("office",A58&" "&Q58)),ISNUMBER(SEARCH("business",A58&" "&Q58)),AND(ISNUMBER(SEARCH("windows 11 pro",I58)),J58="Integrated")),"Office / Business",IF(OR(ISNUMBER(SEARCH("creator",A58&" "&Q58)),ISNUMBER(SEARCH("studio",A58&" "&C58)),ISNUMBER(SEARCH("workstation",A58&" "&C58)),ISNUMBER(SEARCH("precision",A58&" "&C58)),ISNUMBER(SEARCH("zbook",A58&" "&C58))),"Creator / Professional","Normal Use")))) -> Normal Use | F58: AMD Ryzen 7 7735HS | G58: 16 | H58: 16 | I58: Not Provided | J58: Not Provided | K58: Not Provided | L58: Not Provided | M58: Not Provided | O58: Not Provided | P58: Not Provided | Q58: DDR5 | R58: Not Provided | S58: 4.9 | T58: 16 | U58: 8004.81 | V58: 8004.81 | W58: =((V58-U58)/V58)*100 -> 0 | X58: =IF(W58>0,"Yes","No") -> No | Y58: 13007.82 | Z58: 29-09-2026 | AB58: https://m.media-amazon.com/images/I/71dLAiQsRIL._AC_UY218_.jpg | AC58: https://www.amazon.com/sspa/click?ie=UTF8&spc=MTo3NjUwODg3NDYxODQwODY1OjE3ODk4MjA0NTU6c3BfbXRmOjMwMTQ1OTI2MzEzNjEwMjo6MDo6&url=%2FCharger-Compatible-Zephyrus-Zenbook-ADP-200JB%2Fdp%2FB0FNWTV8PW%2Fref%3Dsr_1_139_sspa%3Fcrid%3D3LC9VL11Q1Y6Z%26dib%3DeyJ2IjoiMSJ9.LSv-OUROLwDziXtNdnRjzdGh-s6by15B6m6ILEe4J7eTX8nS08tZ_bjbYuIqz0uI0XPooMvCqusmsILFxCL6hcLqv1IBpLLr99uOwpGtDm5pwhAFJDZpUYBj17yFte_82YCaW9Df3U2H22EzWIjrS5hU7PnxPB_ofY5xAcTHGAMMFkjDNhtG2ikgJHFKAHDGKi9uWulyLI4V6CZ2t_9Li0osS7n8qon5C9nBp_zAbag.Pma76vspx2yJzGC-K0-pnxDiPgLufxE8f8SBAZdxRR0%26dib_tag%3Dse%26keywords%3Dgaming%2Blaptops%26qid%3D1789820455%26sprefix%3D%252Caps%252C392%26sr%3D8-139-spons%26xpid%3DMMcXVFo9VX50C%26sp_csd%3Dd2lkZ2V0TmFtZT1zcF9tdGY%26psc%3D1
A59: 200W Laptop Charger Compatible with ASUS ROG Strix G15 G17 G513 G713 G733 | B59: NIMO | C59: Light | D59: =IF(OR(ISNUMBER(SEARCH("charger",#REF!)),ISNUMBER(SEARCH("cable",#REF!)),ISNUMBER(SEARCH("adapter",#REF!)),ISNUMBER(SEARCH("dock",#REF!)),ISNUMBER(SEARCH("replacement",#REF!))),"Accessory / Other",IF(OR(J59="Dedicated",ISNUMBER(SEARCH("rtx",J59&" "&K59)),ISNUMBER(SEARCH("gtx",J59&" "&K59)),ISNUMBER(SEARCH("rx 5",J59&" "&K59)),ISNUMBER(SEARCH("rx 6",J59&" "&K59)),ISNUMBER(SEARCH("rx 7",J59&" "&K59)),ISNUMBER(SEARCH("rx 8",J59&" "&K59)),ISNUMBER(SEARCH("rx 9",J59&" "&K59)),AND(IFERROR(N59>=120,FALSE),ISNUMBER(SEARCH("gaming",#REF!&" "&C59)))),"Gaming",IF(OR(ISNUMBER(SEARCH("thinkpad",C59)),ISNUMBER(SEARCH("latitude",C59)),ISNUMBER(SEARCH("probook",C59)),ISNUMBER(SEARCH("elitebook",C59)),ISNUMBER(SEARCH("office",#REF!&" "&Q59)),ISNUMBER(SEARCH("business",#REF!&" "&Q59)),AND(ISNUMBER(SEARCH("windows 11 pro",I59)),J59="Integrated")),"Office / Business",IF(OR(ISNUMBER(SEARCH("creator",#REF!&" "&Q59)),ISNUMBER(SEARCH("studio",#REF!&" "&C59)),ISNUMBER(SEARCH("workstation",#REF!&" "&C59)),ISNUMBER(SEARCH("precision",#REF!&" "&C59)),ISNUMBER(SEARCH("zbook",#REF!&" "&C59))),"Creator / Professional","Normal Use")))) -> Normal Use | F59: AMD Ryzen 7 8745HS | I59: Not Provided | J59: Not Provided | K59: Not Provided | L59: Not Provided | M59: Not Provided | O59: 4.9GHz | P59: Not Provided | R59: Not Provided | S59: 4.6 | T59: 14 | U59: 72059.96 | V59: 121954.23 | W59: =((V59-U59)/V59)*100 -> 40.912291 | X59: =IF(W59>0,"Yes","No") -> Yes | Y59: 18282.46 | Z59: 29-09-2026 | AB59: https://m.media-amazon.com/images/I/711KQJBO1aL._AC_UY218_.jpg | AC59: https://www.amazon.com/MELIUNA-15-6-Laptop-Office-128GB/dp/B0HG9P3CJT/ref=sr_1_148?crid=3LC9VL11Q1Y6Z&dib=eyJ2IjoiMSJ9.LSv-OUROLwDziXtNdnRjzdGh-s6by15B6m6ILEe4J7eTX8nS08tZ_bjbYuIqz0uI0XPooMvCqusmsILFxCL6hcLqv1IBpLLr99uOwpGtDm5pwhAFJDZpUYBj17yFte_82YCaW9Df3U2H22EzWIjrS5hU7PnxPB_ofY5xAcTHGAMMFkjDNhtG2ikgJHFKAHDGKi9uWulyLI4V6CZ2t_9Li0osS7n8qon5C9nBp_zAbag.Pma76vspx2yJzGC-K0-pnxDiPgLufxE8f8SBAZdxRR0&dib_tag=se&keywords=gaming+laptops&qid=1789820455&sprefix=%2Caps%2C392&sr=8-148&xpid=MMcXVFo9VX50C
X60: =IF(W60>0,"Yes","No") -> No

Sheet Sheet2
A1: RAM (GB) | B1: Discounted Price (PKR) | C1: Storage (GB) | D1: Rating(0-5) | E1: ='Amazon.com _ gaming laptops_dat'!S1 -> Rating(0-5) | F1: ='Amazon.com _ gaming laptops_dat'!U1 -> Discounted Price (PKR)
A2: ='Amazon.com _ gaming laptops_dat'!G2 -> 16 | B2: ='Amazon.com _ gaming laptops_dat'!U2 -> 438210.9 | C2: 1000 | D2: 4.4 | E2: ='Amazon.com _ gaming laptops_dat'!S2 -> 4.4 | F2: ='Amazon.com _ gaming laptops_dat'!U2 -> 438210.9
A3: ='Amazon.com _ gaming laptops_dat'!G3 -> 32 | B3: ='Amazon.com _ gaming laptops_dat'!U3 -> 401900.98 | C3: 1000 | D3: 4.4 | E3: ='Amazon.com _ gaming laptops_dat'!S3 -> 4.4 | F3: ='Amazon.com _ gaming laptops_dat'!U3 -> 401900.98
A4: ='Amazon.com _ gaming laptops_dat'!G4 -> 24 | B4: ='Amazon.com _ gaming laptops_dat'!U4 -> 188476.23 | C4: 24 | D4: 4.4 | E4: ='Amazon.com _ gaming laptops_dat'!S4 -> 4.4 | F4: ='Amazon.com _ gaming laptops_dat'!U4 -> 188476.23
A5: ='Amazon.com _ gaming laptops_dat'!G5 -> 16 | B5: ='Amazon.com _ gaming laptops_dat'!U5 -> 155215.23 | C5: 512 | D5: 4.7 | E5: ='Amazon.com _ gaming laptops_dat'!S5 -> 4.7 | F5: ='Amazon.com _ gaming laptops_dat'!U5 -> 155215.23
A6: ='Amazon.com _ gaming laptops_dat'!G6 -> 16 | B6: ='Amazon.com _ gaming laptops_dat'!U6 -> 182655.55 | C6: 512 | D6: 4.8 | E6: ='Amazon.com _ gaming laptops_dat'!S6 -> 4.8 | F6: ='Amazon.com _ gaming laptops_dat'!U6 -> 182655.55
A7: ='Amazon.com _ gaming laptops_dat'!G7 -> 24 | B7: ='Amazon.com _ gaming laptops_dat'!U7 -> 526629.73 | C7: 512 | D7: 3.9 | E7: ='Amazon.com _ gaming laptops_dat'!S7 -> 3.9 | F7: ='Amazon.com _ gaming laptops_dat'!U7 -> 526629.73
A8: ='Amazon.com _ gaming laptops_dat'!G8 -> 32 | B8: ='Amazon.com _ gaming laptops_dat'!U8 -> 706513.53 | C8: 1000 | D8: 4.3 | E8: ='Amazon.com _ gaming laptops_dat'!S8 -> 4.3 | F8: ='Amazon.com _ gaming laptops_dat'!U8 -> 706513.53
A9: ='Amazon.com _ gaming laptops_dat'!G9 -> 32 | B9: ='Amazon.com _ gaming laptops_dat'!U9 -> 970109.73 | C9: 1000 | D9: 5 | E9: ='Amazon.com _ gaming laptops_dat'!S9 -> 5 | F9: ='Amazon.com _ gaming laptops_dat'!U9 -> 970109.73
A10: ='Amazon.com _ gaming laptops_dat'!G10 -> 16 | B10: ='Amazon.com _ gaming laptops_dat'!U10 -> 360324.73 | C10: 512 | E10: ='Amazon.com _ gaming laptops_dat'!S10 -> 0 | F10: ='Amazon.com _ gaming laptops_dat'!U10 -> 360324.73
A11: ='Amazon.com _ gaming laptops_dat'!G11 -> 16 | B11: ='Amazon.com _ gaming laptops_dat'!U11 -> 138584.73 | C11: 512 | D11: 4.5 | E11: ='Amazon.com _ gaming laptops_dat'!S11 -> 4.5 | F11: ='Amazon.com _ gaming laptops_dat'!U11 -> 138584.73
A12: ='Amazon.com _ gaming laptops_dat'!G12 -> 16 | B12: ='Amazon.com _ gaming laptops_dat'!U12 -> 260541.73 | C12: 512 | D12: 5 | E12: ='Amazon.com _ gaming laptops_dat'!S12 -> 5 | F12: ='Amazon.com _ gaming laptops_dat'!U12 -> 260541.73
A13: ='Amazon.com _ gaming laptops_dat'!G13 -> 8 | B13: ='Amazon.com _ gaming laptops_dat'!U13 -> 374183.48 | C13: 8 | D13: 3.7 | E13: ='Amazon.com _ gaming laptops_dat'!S13 -> 3.7 | F13: ='Amazon.com _ gaming laptops_dat'!U13 -> 374183.48
A14: ='Amazon.com _ gaming laptops_dat'!G14 -> 16 | B14: ='Amazon.com _ gaming laptops_dat'!U14 -> 163524.93 | C14: 512 | D14: 4.6 | E14: ='Amazon.com _ gaming laptops_dat'!S14 -> 4.6 | F14: ='Amazon.com _ gaming laptops_dat'!U14 -> 163524.93
A15: ='Amazon.com _ gaming laptops_dat'!G15 -> 32 | B15: ='Amazon.com _ gaming laptops_dat'!U15 -> 748369.73 | C15: 1000 | D15: 3.8 | E15: ='Amazon.com _ gaming laptops_dat'!S15 -> 3.8 | F15: ='Amazon.com _ gaming laptops_dat'!U15 -> 748369.73
A16: ='Amazon.com _ gaming laptops_dat'!G16 -> 0 | B16: ='Amazon.com _ gaming laptops_dat'!U16 -> 182655.55 | D16: 4.8 | E16: ='Amazon.com _ gaming laptops_dat'!S16 -> 4.8 | F16: ='Amazon.com _ gaming laptops_dat'!U16 -> 182655.55
A17: ='Amazon.com _ gaming laptops_dat'!G17 -> 32 | B17: ='Amazon.com _ gaming laptops_dat'!U17 -> 493094.32 | C17: 32 | D17: 0 | E17: ='Amazon.com _ gaming laptops_dat'!S17 -> 0 | F17: ='Amazon.com _ gaming laptops_dat'!U17 -> 493094.32
A18: ='Amazon.com _ gaming laptops_dat'!G18 -> 24 | B18: ='Amazon.com _ gaming laptops_dat'!U18 -> 191247.98 | C18: 512 | D18: 4.4 | E18: ='Amazon.com _ gaming laptops_dat'!S18 -> 4.4 | F18: ='Amazon.com _ gaming laptops_dat'!U18 -> 191247.98
A19: ='Amazon.com _ gaming laptops_dat'!G19 -> 16 | B19: ='Amazon.com _ gaming laptops_dat'!U19 -> 110867.23 | C19: 512 | D19: 3.8 | E19: ='Amazon.com _ gaming laptops_dat'!S19 -> 3.8 | F19: ='Amazon.com _ gaming laptops_dat'!U19 -> 110867.23
A20: ='Amazon.com _ gaming laptops_dat'!G20 -> 16 | B20: ='Amazon.com _ gaming laptops_dat'!U20 -> 304615.32 | C20: 1000 | D20: 3.6 | E20: ='Amazon.com _ gaming laptops_dat'!S20 -> 3.6 | F20: ='Amazon.com _ gaming laptops_dat'!U20 -> 304615.32
A21: ='Amazon.com _ gaming laptops_dat'!G21 -> 16 | B21: ='Amazon.com _ gaming laptops_dat'!U21 -> 527821.58 | C21: 1000 | D21: 4.3 | E21: ='Amazon.com _ gaming laptops_dat'!S21 -> 4.3 | F21: ='Amazon.com _ gaming laptops_dat'!U21 -> 527821.58
A22: ='Amazon.com _ gaming laptops_dat'!G22 -> 32 | B22: ='Amazon.com _ gaming laptops_dat'!U22 -> 629251 | C22: 1000 | D22: 4 | E22: ='Amazon.com _ gaming laptops_dat'!S22 -> 4 | F22: ='Amazon.com _ gaming laptops_dat'!U22 -> 629251
A23: ='Amazon.com _ gaming laptops_dat'!G23 -> 16 | B23: ='Amazon.com _ gaming laptops_dat'!U23 -> 422689.1 | C23: 16 | D23: 4.3 | E23: ='Amazon.com _ gaming laptops_dat'!S23 -> 4.3 | F23: ='Amazon.com _ gaming laptops_dat'!U23 -> 422689.1
A24: ='Amazon.com _ gaming laptops_dat'!G24 -> 16 | B24: ='Amazon.com _ gaming laptops_dat'!U24 -> 527821.58 | C24: 16 | D24: 4.3 | E24: ='Amazon.com _ gaming laptops_dat'!S24 -> 4.3 | F24: ='Amazon.com _ gaming laptops_dat'!U24 -> 527821.58
A25: ='Amazon.com _ gaming laptops_dat'!G25 -> 0 | B25: ='Amazon.com _ gaming laptops_dat'!U25 -> 527821.58 | D25: 4.3 | E25: ='Amazon.com _ gaming laptops_dat'!S25 -> 4.3 | F25: ='Amazon.com _ gaming laptops_dat'!U25 -> 527821.58
A26: ='Amazon.com _ gaming laptops_dat'!G26 -> 16 | B26: ='Amazon.com _ gaming laptops_dat'!U26 -> 442368.53 | C26: 1000 | D26: 3.9 | E26: ='Amazon.com _ gaming laptops_dat'!S26 -> 3.9 | F26: ='Amazon.com _ gaming laptops_dat'!U26 -> 442368.53
A27: ='Amazon.com _ gaming laptops_dat'!G27 -> 32 | B27: ='Amazon.com _ gaming laptops_dat'!U27 -> 1247284.7 | C27: 2000 | D27: 3.8 | E27: ='Amazon.com _ gaming laptops_dat'!S27 -> 3.8 | F27: ='Amazon.com _ gaming laptops_dat'!U27 -> 1247284.7
A28: ='Amazon.com _ gaming laptops_dat'!G28 -> 16 | B28: ='Amazon.com _ gaming laptops_dat'!U28 -> 374183.48 | C28: 1000 | D28: 4.6 | E28: ='Amazon.com _ gaming laptops_dat'!S28 -> 4.6 | F28: ='Amazon.com _ gaming laptops_dat'!U28 -> 374183.48
A29: ='Amazon.com _ gaming laptops_dat'!G29 -> 8 | B29: ='Amazon.com _ gaming laptops_dat'!U29 -> 66519.23 | C29: 256 | D29: 3.9 | E29: ='Amazon.com _ gaming laptops_dat'!S29 -> 3.9 | F29: ='Amazon.com _ gaming laptops_dat'!U29 -> 66519.23
A30: ='Amazon.com _ gaming laptops_dat'!G30 -> 16 | B30: ='Amazon.com _ gaming laptops_dat'!U30 -> 85921.48 | C30: 512 | D30: 3.8 | E30: ='Amazon.com _ gaming laptops_dat'!S30 -> 3.8 | F30: ='Amazon.com _ gaming laptops_dat'!U30 -> 85921.48
A31: ='Amazon.com _ gaming laptops_dat'!G31 -> 32 | B31: ='Amazon.com _ gaming laptops_dat'!U31 -> 516097.08 | C31: 1000 | D31: 4.2 | E31: ='Amazon.com _ gaming laptops_dat'!S31 -> 4.2 | F31: ='Amazon.com _ gaming laptops_dat'!U31 -> 516097.08
A32: ='Amazon.com _ gaming laptops_dat'!G32 -> 64 | B32: ='Amazon.com _ gaming laptops_dat'!U32 -> 1662772.8 | C32: 2000 | D32: 4.6 | E32: ='Amazon.com _ gaming laptops_dat'!S32 -> 4.6 | F32: ='Amazon.com _ gaming laptops_dat'!U32 -> 1662772.8
A33: ='Amazon.com _ gaming laptops_dat'!G33 -> 32 | B33: ='Amazon.com _ gaming laptops_dat'!U33 -> 552964.12 | C33: 1000 | D33: 4 | E33: ='Amazon.com _ gaming laptops_dat'!S33 -> 4 | F33: ='Amazon.com _ gaming laptops_dat'!U33 -> 552964.12
A34: ='Amazon.com _ gaming laptops_dat'!G34 -> 16 | B34: ='Amazon.com _ gaming laptops_dat'!U34 -> 498773.64 | C34: 1000 | D34: 5 | E34: ='Amazon.com _ gaming laptops_dat'!S34 -> 5 | F34: ='Amazon.com _ gaming laptops_dat'!U34 -> 498773.64
A35: ='Amazon.com _ gaming laptops_dat'!G35 -> 32 | B35: ='Amazon.com _ gaming laptops_dat'!U35 -> 613088.93 | C35: 1000 | D35: 5 | E35: ='Amazon.com _ gaming laptops_dat'!S35 -> 5 | F35: ='Amazon.com _ gaming laptops_dat'!U35 -> 613088.93
A36: ='Amazon.com _ gaming laptops_dat'!G36 -> 16 | B36: ='Amazon.com _ gaming laptops_dat'!U36 -> 243911.23 | C36: 512 | D36: 4.3 | E36: ='Amazon.com _ gaming laptops_dat'!S36 -> 4.3 | F36: ='Amazon.com _ gaming laptops_dat'!U36 -> 243911.23
A37: ='Amazon.com _ gaming laptops_dat'!G37 -> 32 | B37: ='Amazon.com _ gaming laptops_dat'!U37 -> 1080979.7 | C37: 1000 | D37: 5 | E37: ='Amazon.com _ gaming laptops_dat'!S37 -> 5 | F37: ='Amazon.com _ gaming laptops_dat'!U37 -> 1080979.7
A38: ='Amazon.com _ gaming laptops_dat'!G38 -> 16 | B38: ='Amazon.com _ gaming laptops_dat'!U38 -> 138584.73 | C38: 512 | D38: 3.8 | E38: ='Amazon.com _ gaming laptops_dat'!S38 -> 3.8 | F38: ='Amazon.com _ gaming laptops_dat'!U38 -> 138584.73
A39: ='Amazon.com _ gaming laptops_dat'!G39 -> 0 | B39: ='Amazon.com _ gaming laptops_dat'!U39 -> 410219 | D39: 4 | E39: ='Amazon.com _ gaming laptops_dat'!S39 -> 4 | F39: ='Amazon.com _ gaming laptops_dat'!U39 -> 410219
A40: ='Amazon.com _ gaming laptops_dat'!G40 -> 16 | B40: ='Amazon.com _ gaming laptops_dat'!U40 -> 335104.58 | C40: 16 | D40: 0 | E40: ='Amazon.com _ gaming laptops_dat'!S40 -> 0 | F40: ='Amazon.com _ gaming laptops_dat'!U40 -> 335104.58
A41: ='Amazon.com _ gaming laptops_dat'!G41 -> 16 | B41: ='Amazon.com _ gaming laptops_dat'!U41 -> 277172.23 | C41: 1000 | D41: 4.2 | E41: ='Amazon.com _ gaming laptops_dat'!S41 -> 4.2 | F41: ='Amazon.com _ gaming laptops_dat'!U41 -> 277172.23
A42: ='Amazon.com _ gaming laptops_dat'!G42 -> 8 | B42: ='Amazon.com _ gaming laptops_dat'!U42 -> 374183.48 | C42: 8 | D42: 3.7 | E42: ='Amazon.com _ gaming laptops_dat'!S42 -> 3.7 | F42: ='Amazon.com _ gaming laptops_dat'!U42 -> 374183.48
A43: ='Amazon.com _ gaming laptops_dat'!G43 -> 16 | B43: ='Amazon.com _ gaming laptops_dat'!U43 -> 182921.64 | C43: 16 | D43: 5 | E43: ='Amazon.com _ gaming laptops_dat'!S43 -> 5 | F43: ='Amazon.com _ gaming laptops_dat'!U43 -> 182921.64
A44: ='Amazon.com _ gaming laptops_dat'!G44 -> 24 | B44: ='Amazon.com _ gaming laptops_dat'!U44 -> 191247.98 | C44: 1000 | D44: 4 | E44: ='Amazon.com _ gaming laptops_dat'!S44 -> 4 | F44: ='Amazon.com _ gaming laptops_dat'!U44 -> 191247.98
A45: ='Amazon.com _ gaming laptops_dat'!G45 -> 16 | B45: ='Amazon.com _ gaming laptops_dat'!U45 -> 376680.82 | C45: 16 | D45: 5 | E45: ='Amazon.com _ gaming laptops_dat'!S45 -> 5 | F45: ='Amazon.com _ gaming laptops_dat'!U45 -> 376680.82
A46: ='Amazon.com _ gaming laptops_dat'!G46 -> 24 | B46: ='Amazon.com _ gaming laptops_dat'!U46 -> 188476.23 | C46: 24 | D46: 4.4 | E46: ='Amazon.com _ gaming laptops_dat'!S46 -> 4.4 | F46: ='Amazon.com _ gaming laptops_dat'!U46 -> 188476.23
A47: ='Amazon.com _ gaming laptops_dat'!G47 -> 24 | B47: ='Amazon.com _ gaming laptops_dat'!U47 -> 191247.98 | C47: 1000 | D47: 4 | E47: ='Amazon.com _ gaming laptops_dat'!S47 -> 4 | F47: ='Amazon.com _ gaming laptops_dat'!U47 -> 191247.98
A48: ='Amazon.com _ gaming laptops_dat'!G48 -> 16 | B48: ='Amazon.com _ gaming laptops_dat'!U48 -> 457053.26 | C48: 1000 | D48: 4.4 | E48: ='Amazon.com _ gaming laptops_dat'!S48 -> 4.4 | F48: ='Amazon.com _ gaming laptops_dat'!U48 -> 457053.26
A49: ='Amazon.com _ gaming laptops_dat'!G49 -> 24 | B49: ='Amazon.com _ gaming laptops_dat'!U49 -> 202334.98 | C49: 1000 | D49: 4.1 | E49: ='Amazon.com _ gaming laptops_dat'!S49 -> 4.1 | F49: ='Amazon.com _ gaming laptops_dat'!U49 -> 202334.98
A50: ='Amazon.com _ gaming laptops_dat'!G50 -> 16 | B50: ='Amazon.com _ gaming laptops_dat'!U50 -> 388042.23 | C50: 1000 | D50: 0 | E50: ='Amazon.com _ gaming laptops_dat'!S50 -> 0 | F50: ='Amazon.com _ gaming laptops_dat'!U50 -> 388042.23
A51: ='Amazon.com _ gaming laptops_dat'!G51 -> 32 | B51: ='Amazon.com _ gaming laptops_dat'!U51 -> 942392.23 | C51: 2000 | D51: 3.9 | E51: ='Amazon.com _ gaming laptops_dat'!S51 -> 3.9 | F51: ='Amazon.com _ gaming laptops_dat'!U51 -> 942392.23
... A55: ='Amazon.com _ gaming laptops_dat'!G55 -> 16 | B55: ='Amazon.com _ gaming laptops_dat'!U55 -> 97008.48 | C55: 16 | D55: 3.2 | E55: ='Amazon.com _ gaming laptops_dat'!S55 -> 3.2 | F55: ='Amazon.com _ gaming laptops_dat'!U55 -> 97008.48
A56: ='Amazon.com _ gaming laptops_dat'!G56 -> 0 | B56: ='Amazon.com _ gaming laptops_dat'!U56 -> 1856795.3 | D56: 3 | E56: ='Amazon.com _ gaming laptops_dat'!S56 -> 3 | F56: ='Amazon.com _ gaming laptops_dat'!U56 -> 1856795.3
A57: ='Amazon.com _ gaming laptops_dat'!G57 -> 16 | B57: ='Amazon.com _ gaming laptops_dat'!U57 -> 362614.19 | C57: 512 | D57: 5 | E57: ='Amazon.com _ gaming laptops_dat'!S57 -> 5 | F57: ='Amazon.com _ gaming laptops_dat'!U57 -> 362614.19
A58: ='Amazon.com _ gaming laptops_dat'!G58 -> 16 | B58: ='Amazon.com _ gaming laptops_dat'!U58 -> 8004.81 | C58: 16 | D58: 4.9 | E58: ='Amazon.com _ gaming laptops_dat'!S58 -> 4.9 | F58: ='Amazon.com _ gaming laptops_dat'!U58 -> 8004.81
A59: ='Amazon.com _ gaming laptops_dat'!G59 -> 0 | B59: ='Amazon.com _ gaming laptops_dat'!U59 -> 72059.96 | D59: 4.6 | E59: ='Amazon.com _ gaming laptops_dat'!S59 -> 4.6 | F59: ='Amazon.com _ gaming laptops_dat'!U59 -> 72059.96
E60: ='Amazon.com _ gaming laptops_dat'!S60 -> 0 | F60: ='Amazon.com _ gaming laptops_dat'!U60 -> 0

Sheet Exploratory Data Analysis (EDA)
A1: DATA DICTIONARY | E1: DATA QUALITY ANALYSIS | K1: Summary Statistics Table.
A2: Variable | B2: Type | C2: Description | E2: Metric | F2: Non-hidden | G2: Hidden | H2: Total | K2: Variable | L2: Mean | M2: Median | N2: Min | O2: Max | P2: Std.Deviation
A3: Brand Name | B3: Categorical | C3: Laptop Manufacturer Company | E3: Total Rows (including header) | F3: 59 | G3: 0 | H3: 59 | K3: Discounted Price | L3: =AVERAGE('Amazon.com _ gaming laptops_dat'!U2:U59) -> 434209.5 | M3: =MEDIAN('Amazon.com _ gaming laptops_dat'!U2:U59) -> 374183.48 | N3: =MIN('Amazon.com _ gaming laptops_dat'!U2:U59) -> 8004.81 | O3: =MAX('Amazon.com _ gaming laptops_dat'!U2:U59) -> 1856795.3 | P3: =_xlfn.STDEV.S('Amazon.com _ gaming laptops_dat'!U2:U59) -> 364982.1
A4: Laptop Model | B4: Categorical | C4: Laptop Model | E4: Total Data Rows (excluding header) | F4: 58 | G4: 0 | H4: 58 | K4: Full Price | L4: =AVERAGE('Amazon.com _ gaming laptops_dat'!V2:V59) -> 457438.53 | M4: =MEDIAN('Amazon.com _ gaming laptops_dat'!V2:V59) -> 375432.15 | N4: =MIN('Amazon.com _ gaming laptops_dat'!V2:V59) -> 8004.81 | O4: =MAX('Amazon.com _ gaming laptops_dat'!V2:V59) -> 1856795.3 | P4: =_xlfn.STDEV.S('Amazon.com _ gaming laptops_dat'!V2:V59) -> 352914.68
A5: Laptop Category | B5: Categorical | C5: Gaming/Normal Use /Office | E5: Total Columns | F5: 25 | G5: 3 | H5: 28 | K5: Discount % | L5: =AVERAGE('Amazon.com _ gaming laptops_dat'!W2:W59) -> 6.5669498 | M5: =MEDIAN('Amazon.com _ gaming laptops_dat'!W2:W59) -> 0 | N5: =MIN('Amazon.com _ gaming laptops_dat'!W2:W59) -> -138.03922 | O5: =MAX('Amazon.com _ gaming laptops_dat'!W2:W59) -> 67.059218 | P5: =_xlfn.STDEV.S('Amazon.com _ gaming laptops_dat'!W2:W59) -> 26.03054
A6: Screen Size | B6: Numerical | C6: Screen Size In Inches | K6: Rating | L6: =AVERAGE('Amazon.com _ gaming laptops_dat'!S2:S59) -> 4.0631579 | M6: =MEDIAN('Amazon.com _ gaming laptops_dat'!S2:S59) -> 4.3 | N6: =MIN('Amazon.com _ gaming laptops_dat'!S2:S59) -> 0 | O6: =MAX('Amazon.com _ gaming laptops_dat'!S2:S59) -> 5 | P6: =_xlfn.STDEV.S('Amazon.com _ gaming laptops_dat'!S2:S59) -> 1.0713195
A7: RAM | B7: Numerical | C7: RAM capacity in GB | E7: Variables | F7: Hidden/Not Hidden | G7: # of Missing Values | H7: Total Values | I7: Missing Percentage(%) | K7: Reviewers | L7: =AVERAGE('Amazon.com _ gaming laptops_dat'!T2:T59) -> 100.10526 | M7: =MEDIAN('Amazon.com _ gaming laptops_dat'!T2:T59) -> 20 | N7: =MIN('Amazon.com _ gaming laptops_dat'!T2:T59) -> 0 | O7: =MAX('Amazon.com _ gaming laptops_dat'!T2:T59) -> 2300 | P7: =_xlfn.STDEV.S('Amazon.com _ gaming laptops_dat'!T2:T59) -> 316.63001
A8: Storage | B8: Numerical | C8: Storage Capacity in GB | E8: Title | F8: Yes | G8: =COUNTBLANK('Amazon.com _ gaming laptops_dat'!A2:A59) -> 2 | H8: =COUNTA('Amazon.com _ gaming laptops_dat'!A2:A59) -> 56 | I8: =IFERROR(COUNTBLANK('Amazon.com _ gaming laptops_dat'!A2:A59)/COUNTA('Amazon.com _ gaming laptops_dat'!A2:A59),0) -> 0.035714286 | K8: RAM | L8: =AVERAGE('Amazon.com _ gaming laptops_dat'!G2:G59) -> 21.207547 | M8: =MEDIAN('Amazon.com _ gaming laptops_dat'!G2:G59) -> 16 | N8: =MIN('Amazon.com _ gaming laptops_dat'!G2:G59) -> 8 | O8: =MAX('Amazon.com _ gaming laptops_dat'!G2:G59) -> 64 | P8: =_xlfn.STDEV.S('Amazon.com _ gaming laptops_dat'!G2:G59) -> 9.7218202
A9: Rating | B9: Numerical | C9: Customer Ratings | E9: Brand Name | F9: No | G9: =COUNTBLANK('Amazon.com _ gaming laptops_dat'!B2:B59) -> 0 | H9: =COUNTA('Amazon.com _ gaming laptops_dat'!B2:B59) -> 58 | I9: =IFERROR(COUNTBLANK('Amazon.com _ gaming laptops_dat'!B2:B59)/COUNTA('Amazon.com _ gaming laptops_dat'!B2:B59),0) -> 0 | K9: Storage | L9: =AVERAGE('Amazon.com _ gaming laptops_dat'!H2:H58) -> 677.13208 | M9: =MEDIAN('Amazon.com _ gaming laptops_dat'!H2:H58) -> 512 | N9: =MIN('Amazon.com _ gaming laptops_dat'!H2:H58) -> 8 | O9: =MAX('Amazon.com _ gaming laptops_dat'!H2:H58) -> 2000 | P9: =_xlfn.STDEV.S('Amazon.com _ gaming laptops_dat'!H2:H58) -> 509.6052
A10: Reviewers | B10: Numerical | C10: Number of Rating Customers | E10: Laptop Model | F10: No | G10: =COUNTBLANK('Amazon.com _ gaming laptops_dat'!C2:C59) -> 0 | H10: =COUNTA('Amazon.com _ gaming laptops_dat'!C2:C59) -> 58 | I10: =IFERROR(COUNTBLANK('Amazon.com _ gaming laptops_dat'!C2:C59)/COUNTA('Amazon.com _ gaming laptops_dat'!C2:C59),0) -> 0 | K10: Screen Size | L10: =AVERAGE('Amazon.com _ gaming laptops_dat'!E2:E59) -> 16.076087 | M10: =MEDIAN('Amazon.com _ gaming laptops_dat'!E2:E59) -> 16 | N10: =MIN('Amazon.com _ gaming laptops_dat'!E2:E59) -> 13.4 | O10: =MAX('Amazon.com _ gaming laptops_dat'!E2:E59) -> 18.5 | P10: =_xlfn.STDEV.S('Amazon.com _ gaming laptops_dat'!E2:E59) -> 1.0675381
A11: Full Price | B11: Numerical | C11: Orignal Price | E11: Laptop Category | F11: No | G11: =COUNTBLANK('Amazon.com _ gaming laptops_dat'!D2:D59) -> 0 | H11: =COUNTA('Amazon.com _ gaming laptops_dat'!D2:D59) -> 58 | I11: =IFERROR(COUNTBLANK('Amazon.com _ gaming laptops_dat'!D2:D59)/COUNTA('Amazon.com _ gaming laptops_dat'!D2:D59),0) -> 0 | K11: Refresh Rate | L11: =AVERAGE('Amazon.com _ gaming laptops_dat'!N2:N59) -> 187.625 | M11: =MEDIAN('Amazon.com _ gaming laptops_dat'!N2:N59) -> 165 | N11: =MIN('Amazon.com _ gaming laptops_dat'!N2:N59) -> 120 | O11: =MAX('Amazon.com _ gaming laptops_dat'!N2:N59) -> 240 | P11: =_xlfn.STDEV.S('Amazon.com _ gaming laptops_dat'!N2:N59) -> 39.602166
A12: Discounted Price | B12: Numerical | C12: Current Price | E12: Screen Size (Inches) | F12: No | G12: =COUNTBLANK('Amazon.com _ gaming laptops_dat'!E2:E59) -> 12 | H12: =COUNTA('Amazon.com _ gaming laptops_dat'!E2:E59) -> 46 | I12: =IFERROR(COUNTBLANK('Amazon.com _ gaming laptops_dat'!E2:E59)/COUNTA('Amazon.com _ gaming laptops_dat'!E2:E59),0) -> 0.26086957
A13: Discount Percentage | B13: Numerical | C13: Percentage of Discount Applied | E13: Processor | F13: No | G13: =COUNTBLANK('Amazon.com _ gaming laptops_dat'!F2:F59) -> 0 | H13: =COUNTA('Amazon.com _ gaming laptops_dat'!F2:F59) -> 58 | I13: =IFERROR(COUNTBLANK('Amazon.com _ gaming laptops_dat'!F2:F59)/COUNTA('Amazon.com _ gaming laptops_dat'!F2:F59),0) -> 0
A14: Delivery Charges | B14: Numerical | C14: Charges to Deliver the Product | E14: RAM (GB) | F14: No | G14: =COUNTBLANK('Amazon.com _ gaming laptops_dat'!G2:G59) -> 5 | H14: =COUNTA('Amazon.com _ gaming laptops_dat'!G2:G59) -> 53 | I14: =IFERROR(COUNTBLANK('Amazon.com _ gaming laptops_dat'!G2:G59)/COUNTA('Amazon.com _ gaming laptops_dat'!G2:G59),0) -> 0.094339623 | K14: Count of Laptops by Brand
A15: Processor | B15: Categorical | C15: CPU Type | E15: Storage (GB) | F15: No | G15: =COUNTBLANK('Amazon.com _ gaming laptops_dat'!H2:H59) -> 5 | H15: =COUNTA('Amazon.com _ gaming laptops_dat'!H2:H59) -> 53 | I15: =IFERROR(COUNTBLANK('Amazon.com _ gaming laptops_dat'!H2:H59)/COUNTA('Amazon.com _ gaming laptops_dat'!H2:H59),0) -> 0.094339623 | K15: Brand | L15: Laptop Count | M15: Laptop Category
A16: GPU Model | B16: Categorical | C16: GPU | E16: Operating System | F16: No | G16: =COUNTBLANK('Amazon.com _ gaming laptops_dat'!I2:I59) -> 0 | H16: =COUNTA('Amazon.com _ gaming laptops_dat'!I2:I59) -> 58 | I16: =IFERROR(COUNTBLANK('Amazon.com _ gaming laptops_dat'!I2:I59)/COUNTA('Amazon.com _ gaming laptops_dat'!I2:I59),0) -> 0 | K16: ASUS | L16: =COUNTIF('Amazon.com _ gaming laptops_dat'!$B$2:$B$59,K16) -> 11 | M16: {=_xlfn.TEXTJOIN(", ",TRUE,_xlfn.UNIQUE(_xlfn._xlws.FILTER('Amazon.com _ gaming laptops_dat'!$D$2:$D$60,'Amazon.com _ gaming laptops_dat'!$B$2:$B$60=K16,"")))} -> Gaming
A17: Operating System | B17: Categorical | C17: OS working | E17: Graphics | F17: No | G17: =COUNTBLANK('Amazon.com _ gaming laptops_dat'!J2:J59) -> 0 | H17: =COUNTA('Amazon.com _ gaming laptops_dat'!J2:J59) -> 58 | I17: =IFERROR(COUNTBLANK('Amazon.com _ gaming laptops_dat'!J2:J59)/COUNTA('Amazon.com _ gaming laptops_dat'!J2:J59),0) -> 0 | K17: Lenovo | L17: =COUNTIF('Amazon.com _ gaming laptops_dat'!$B$2:$B$59,K17) -> 6 | M17: {=_xlfn.TEXTJOIN(", ",TRUE,_xlfn.UNIQUE(_xlfn._xlws.FILTER('Amazon.com _ gaming laptops_dat'!$D$2:$D$60,'Amazon.com _ gaming laptops_dat'!$B$2:$B$60=K17,"")))} -> Gaming
E18: GPU Model | F18: No | G18: =COUNTBLANK('Amazon.com _ gaming laptops_dat'!K2:K59) -> 0 | H18: =COUNTA('Amazon.com _ gaming laptops_dat'!K2:K59) -> 58 | I18: =IFERROR(COUNTBLANK('Amazon.com _ gaming laptops_dat'!K2:K59)/COUNTA('Amazon.com _ gaming laptops_dat'!K2:K59),0) -> 0 | K18: KAIGERR | L18: =COUNTIF('Amazon.com _ gaming laptops_dat'!$B$2:$B$59,K18) -> 5 | M18: {=_xlfn.TEXTJOIN(", ",TRUE,_xlfn.UNIQUE(_xlfn._xlws.FILTER('Amazon.com _ gaming laptops_dat'!$D$2:$D$60,'Amazon.com _ gaming laptops_dat'!$B$2:$B$60=K18,"")))} -> Normal Use, Office / Business
A19: Product Count by Discount Status. | E19: Display Resolution | F19: No | G19: =COUNTBLANK('Amazon.com _ gaming laptops_dat'!L2:L59) -> 0 | H19: =COUNTA('Amazon.com _ gaming laptops_dat'!L2:L59) -> 58 | I19: =IFERROR(COUNTBLANK('Amazon.com _ gaming laptops_dat'!L2:L59)/COUNTA('Amazon.com _ gaming laptops_dat'!L2:L59),0) -> 0 | K19: msi | L19: =COUNTIF('Amazon.com _ gaming laptops_dat'!$B$2:$B$59,K19) -> 5 | M19: {=_xlfn.TEXTJOIN(", ",TRUE,_xlfn.UNIQUE(_xlfn._xlws.FILTER('Amazon.com _ gaming laptops_dat'!$D$2:$D$60,'Amazon.com _ gaming laptops_dat'!$B$2:$B$60=K19,"")))} -> Gaming
A20: Discount Status | B20: Product Count | E20: Display Type | F20: No | G20: =COUNTBLANK('Amazon.com _ gaming laptops_dat'!M2:M59) -> 0 | H20: =COUNTA('Amazon.com _ gaming laptops_dat'!M2:M59) -> 58 | I20: =IFERROR(COUNTBLANK('Amazon.com _ gaming laptops_dat'!M2:M59)/COUNTA('Amazon.com _ gaming laptops_dat'!M2:M59),0) -> 0 | K20: Acer | L20: =COUNTIF('Amazon.com _ gaming laptops_dat'!$B$2:$B$59,K20) -> 4 | M20: {=_xlfn.TEXTJOIN(", ",TRUE,_xlfn.UNIQUE(_xlfn._xlws.FILTER('Amazon.com _ gaming laptops_dat'!$D$2:$D$60,'Amazon.com _ gaming laptops_dat'!$B$2:$B$60=K20,"")))} -> Gaming
A21: Discount Applied | B21: =COUNTIF('Amazon.com _ gaming laptops_dat'!$X$2:$X$60,"Yes") -> 16 | E21: Refresh Rate (Hz) | F21: No | G21: =COUNTBLANK('Amazon.com _ gaming laptops_dat'!N2:N59) -> 34 | H21: =COUNTA('Amazon.com _ gaming laptops_dat'!N2:N59) -> 24 | I21: =IFERROR(COUNTBLANK('Amazon.com _ gaming laptops_dat'!N2:N59)/COUNTA('Amazon.com _ gaming laptops_dat'!N2:N59),0) -> 1.4166667 | K21: MALLRACE | L21: =COUNTIF('Amazon.com _ gaming laptops_dat'!$B$2:$B$59,K21) -> 4 | M21: {=_xlfn.TEXTJOIN(", ",TRUE,_xlfn.UNIQUE(_xlfn._xlws.FILTER('Amazon.com _ gaming laptops_dat'!$D$2:$D$60,'Amazon.com _ gaming laptops_dat'!$B$2:$B$60=K21,"")))} -> Normal Use, Office / Business
A22: No Discount | B22: =COUNTIF('Amazon.com _ gaming laptops_dat'!$X$2:$X$60,"No") -> 43 | E22: CPU Speed | F22: No | G22: =COUNTBLANK('Amazon.com _ gaming laptops_dat'!O2:O59) -> 0 | H22: =COUNTA('Amazon.com _ gaming laptops_dat'!O2:O59) -> 58 | I22: =IFERROR(COUNTBLANK('Amazon.com _ gaming laptops_dat'!O2:O59)/COUNTA('Amazon.com _ gaming laptops_dat'!O2:O59),0) -> 0 | K22: Not Provided | L22: =COUNTIF('Amazon.com _ gaming laptops_dat'!$B$2:$B$59,K22) -> 4 | M22: {=_xlfn.TEXTJOIN(", ",TRUE,_xlfn.UNIQUE(_xlfn._xlws.FILTER('Amazon.com _ gaming laptops_dat'!$D$2:$D$60,'Amazon.com _ gaming laptops_dat'!$B$2:$B$60=K22,"")))} -> Normal Use | V22: Correlation Between RAM and Discounted Price
E23: Color | F23: No | G23: =COUNTBLANK('Amazon.com _ gaming laptops_dat'!P2:P59) -> 0 | H23: =COUNTA('Amazon.com _ gaming laptops_dat'!P2:P59) -> 58 | I23: =IFERROR(COUNTBLANK('Amazon.com _ gaming laptops_dat'!P2:P59)/COUNTA('Amazon.com _ gaming laptops_dat'!P2:P59),0) -> 0 | K23: FUNYET | L23: =COUNTIF('Amazon.com _ gaming laptops_dat'!$B$2:$B$59,K23) -> 3 | M23: {=_xlfn.TEXTJOIN(", ",TRUE,_xlfn.UNIQUE(_xlfn._xlws.FILTER('Amazon.com _ gaming laptops_dat'!$D$2:$D$60,'Amazon.com _ gaming laptops_dat'!$B$2:$B$60=K23,"")))} -> Office / Business, Normal Use | V23: =CORREL(Sheet2!A2:A59,Sheet2!B2:B59) -> 0.46313189
E24: Features | F24: No | G24: =COUNTBLANK('Amazon.com _ gaming laptops_dat'!Q2:Q59) -> 7 | H24: =COUNTA('Amazon.com _ gaming laptops_dat'!Q2:Q59) -> 51 | I24: =IFERROR(COUNTBLANK('Amazon.com _ gaming laptops_dat'!Q2:Q59)/COUNTA('Amazon.com _ gaming laptops_dat'!Q2:Q59),0) -> 0.1372549 | K24: dynabook | L24: =COUNTIF('Amazon.com _ gaming laptops_dat'!$B$2:$B$59,K24) -> 3 | M24: {=_xlfn.TEXTJOIN(", ",TRUE,_xlfn.UNIQUE(_xlfn._xlws.FILTER('Amazon.com _ gaming laptops_dat'!$D$2:$D$60,'Amazon.com _ gaming laptops_dat'!$B$2:$B$60=K24,"")))} -> Office / Business
E25: Connectivity | F25: No | G25: =COUNTBLANK('Amazon.com _ gaming laptops_dat'!R2:R59) -> 0 | H25: =COUNTA('Amazon.com _ gaming laptops_dat'!R2:R59) -> 58 | I25: =IFERROR(COUNTBLANK('Amazon.com _ gaming laptops_dat'!R2:R59)/COUNTA('Amazon.com _ gaming laptops_dat'!R2:R59),0) -> 0 | K25: NIMO | L25: =COUNTIF('Amazon.com _ gaming laptops_dat'!$B$2:$B$59,K25) -> 2 | M25: {=_xlfn.TEXTJOIN(", ",TRUE,_xlfn.UNIQUE(_xlfn._xlws.FILTER('Amazon.com _ gaming laptops_dat'!$D$2:$D$60,'Amazon.com _ gaming laptops_dat'!$B$2:$B$60=K25,"")))} -> Normal Use
E26: Rating(0-5) | F26: No | G26: =COUNTBLANK('Amazon.com _ gaming laptops_dat'!S2:S59) -> 1 | H26: =COUNTA('Amazon.com _ gaming laptops_dat'!S2:S59) -> 57 | I26: =IFERROR(COUNTBLANK('Amazon.com _ gaming laptops_dat'!S2:S59)/COUNTA('Amazon.com _ gaming laptops_dat'!S2:S59),0) -> 0.01754386 | K26: SAGAWHALE | L26: =COUNTIF('Amazon.com _ gaming laptops_dat'!$B$2:$B$59,K26) -> 2 | M26: {=_xlfn.TEXTJOIN(", ",TRUE,_xlfn.UNIQUE(_xlfn._xlws.FILTER('Amazon.com _ gaming laptops_dat'!$D$2:$D$60,'Amazon.com _ gaming laptops_dat'!$B$2:$B$60=K26,"")))} -> Normal Use
E27: Reviewers | F27: No | G27: =COUNTBLANK('Amazon.com _ gaming laptops_dat'!T2:T59) -> 1 | H27: =COUNTA('Amazon.com _ gaming laptops_dat'!T2:T59) -> 57 | I27: =IFERROR(COUNTBLANK('Amazon.com _ gaming laptops_dat'!T2:T59)/COUNTA('Amazon.com _ gaming laptops_dat'!T2:T59),0) -> 0.01754386 | K27: AKCHART | L27: =COUNTIF('Amazon.com _ gaming laptops_dat'!$B$2:$B$59,K27) -> 1 | M27: {=_xlfn.TEXTJOIN(", ",TRUE,_xlfn.UNIQUE(_xlfn._xlws.FILTER('Amazon.com _ gaming laptops_dat'!$D$2:$D$60,'Amazon.com _ gaming laptops_dat'!$B$2:$B$60=K27,"")))} -> Office / Business
E28: Discounted Price (PKR) | F28: No | G28: =COUNTBLANK('Amazon.com _ gaming laptops_dat'!U2:U59) -> 0 | H28: =COUNTA('Amazon.com _ gaming laptops_dat'!U2:U59) -> 58 | I28: =IFERROR(COUNTBLANK('Amazon.com _ gaming laptops_dat'!U2:U59)/COUNTA('Amazon.com _ gaming laptops_dat'!U2:U59),0) -> 0 | K28: Alienware | L28: =COUNTIF('Amazon.com _ gaming laptops_dat'!$B$2:$B$59,K28) -> 1 | M28: {=_xlfn.TEXTJOIN(", ",TRUE,_xlfn.UNIQUE(_xlfn._xlws.FILTER('Amazon.com _ gaming laptops_dat'!$D$2:$D$60,'Amazon.com _ gaming laptops_dat'!$B$2:$B$60=K28,"")))} -> Gaming
E29: Full Price (PKR) | F29: No | G29: =COUNTBLANK('Amazon.com _ gaming laptops_dat'!V2:V59) -> 0 | H29: =COUNTA('Amazon.com _ gaming laptops_dat'!V2:V59) -> 58 | I29: =IFERROR(COUNTBLANK('Amazon.com _ gaming laptops_dat'!V2:V59)/COUNTA('Amazon.com _ gaming laptops_dat'!V2:V59),0) -> 0 | K29: CHIFUYOU | L29: =COUNTIF('Amazon.com _ gaming laptops_dat'!$B$2:$B$59,K29) -> 1 | M29: {=_xlfn.TEXTJOIN(", ",TRUE,_xlfn.UNIQUE(_xlfn._xlws.FILTER('Amazon.com _ gaming laptops_dat'!$D$2:$D$60,'Amazon.com _ gaming laptops_dat'!$B$2:$B$60=K29,"")))} -> Office / Business
E30: Discount Percentage(%) | F30: No | G30: =COUNTBLANK('Amazon.com _ gaming laptops_dat'!W2:W59) -> 0 | H30: =COUNTA('Amazon.com _ gaming laptops_dat'!W2:W59) -> 58 | I30: =IFERROR(COUNTBLANK('Amazon.com _ gaming laptops_dat'!W2:W59)/COUNTA('Amazon.com _ gaming laptops_dat'!W2:W59),0) -> 0 | K30: NAIKLULU | L30: =COUNTIF('Amazon.com _ gaming laptops_dat'!$B$2:$B$59,K30) -> 1 | M30: {=_xlfn.TEXTJOIN(", ",TRUE,_xlfn.UNIQUE(_xlfn._xlws.FILTER('Amazon.com _ gaming laptops_dat'!$D$2:$D$60,'Amazon.com _ gaming laptops_dat'!$B$2:$B$60=K30,"")))} -> Office / Business
E31: Delivery Charges (PKR) | F31: No | G31: =COUNTBLANK('Amazon.com _ gaming laptops_dat'!Y2:Y59) -> 0 | H31: =COUNTA('Amazon.com _ gaming laptops_dat'!Y2:Y59) -> 58 | I31: =IFERROR(COUNTBLANK('Amazon.com _ gaming laptops_dat'!Y2:Y59)/COUNTA('Amazon.com _ gaming laptops_dat'!Y2:Y59),0) -> 0 | K31: NIAKUN | L31: =COUNTIF('Amazon.com _ gaming laptops_dat'!$B$2:$B$59,K31) -> 1 | M31: {=_xlfn.TEXTJOIN(", ",TRUE,_xlfn.UNIQUE(_xlfn._xlws.FILTER('Amazon.com _ gaming laptops_dat'!$D$2:$D$60,'Amazon.com _ gaming laptops_dat'!$B$2:$B$60=K31,"")))} -> Normal Use
E32: Minimum Delivery Date | F32: No | G32: =COUNTBLANK('Amazon.com _ gaming laptops_dat'!Z2:Z59) -> 2 | H32: =COUNTA('Amazon.com _ gaming laptops_dat'!Z2:Z59) -> 56 | I32: =IFERROR(COUNTBLANK('Amazon.com _ gaming laptops_dat'!Z2:Z59)/COUNTA('Amazon.com _ gaming laptops_dat'!Z2:Z59),0) -> 0.035714286 | K32: Razer | L32: =COUNTIF('Amazon.com _ gaming laptops_dat'!$B$2:$B$59,K32) -> 1 | M32: {=_xlfn.TEXTJOIN(", ",TRUE,_xlfn.UNIQUE(_xlfn._xlws.FILTER('Amazon.com _ gaming laptops_dat'!$D$2:$D$60,'Amazon.com _ gaming laptops_dat'!$B$2:$B$60=K32,"")))} -> Gaming
E33: Maximum Delivery Date | F33: No | G33: =COUNTBLANK('Amazon.com _ gaming laptops_dat'!AA2:AA59) -> 58 | H33: =COUNTA('Amazon.com _ gaming laptops_dat'!AA2:AA59) -> 0 | I33: =IFERROR(COUNTBLANK('Amazon.com _ gaming laptops_dat'!AA2:AA59)/COUNTA('Amazon.com _ gaming laptops_dat'!AA2:AA59),0) -> 0 | K33: Samsung | L33: =COUNTIF('Amazon.com _ gaming laptops_dat'!$B$2:$B$59,K33) -> 1 | M33: {=_xlfn.TEXTJOIN(", ",TRUE,_xlfn.UNIQUE(_xlfn._xlws.FILTER('Amazon.com _ gaming laptops_dat'!$D$2:$D$60,'Amazon.com _ gaming laptops_dat'!$B$2:$B$60=K33,"")))} -> Normal Use
E34: Image | F34: Yes | G34: =COUNTBLANK('Amazon.com _ gaming laptops_dat'!AB2:AB59) -> 5 | H34: =COUNTA('Amazon.com _ gaming laptops_dat'!AB2:AB59) -> 53 | I34: =IFERROR(COUNTBLANK('Amazon.com _ gaming laptops_dat'!AB2:AB59)/COUNTA('Amazon.com _ gaming laptops_dat'!AB2:AB59),0) -> 0.094339623 | K34: Tunhail | L34: =COUNTIF('Amazon.com _ gaming laptops_dat'!$B$2:$B$59,K34) -> 1 | M34: {=_xlfn.TEXTJOIN(", ",TRUE,_xlfn.UNIQUE(_xlfn._xlws.FILTER('Amazon.com _ gaming laptops_dat'!$D$2:$D$60,'Amazon.com _ gaming laptops_dat'!$B$2:$B$60=K34,"")))} -> Normal Use
E35: Title_URL | F35: Yes | G35: =COUNTBLANK('Amazon.com _ gaming laptops_dat'!AC2:AC59) -> 0 | H35: =COUNTA('Amazon.com _ gaming laptops_dat'!AC2:AC59) -> 58 | I35: =IFERROR(COUNTBLANK('Amazon.com _ gaming laptops_dat'!AC2:AC59)/COUNTA('Amazon.com _ gaming laptops_dat'!AC2:AC59),0) -> 0 | K35: YOZISUAN | L35: =COUNTIF('Amazon.com _ gaming laptops_dat'!$B$2:$B$59,K35) -> 1 | M35: {=_xlfn.TEXTJOIN(", ",TRUE,_xlfn.UNIQUE(_xlfn._xlws.FILTER('Amazon.com _ gaming laptops_dat'!$D$2:$D$60,'Amazon.com _ gaming laptops_dat'!$B$2:$B$60=K35,"")))} -> Office / Business
E36: Subtotal | G36: =SUM(G8:G35) -> 132 | H36: =SUM(H8:H35) -> 1492 | I36: =IFERROR(G36/H36,0) -> 0.08847185
E40: Laptop Count by GPU Model
A41: Laptop Category Counts | E41: GPU Model | F41: Laptop Count | M41: Most Common RAM Configuration
A42: Laptop Category | B42: Laptop Count | E42: NVIDIA GeForce RTX 5050 | F42: 5 | M42: RAM (GB) | N42: Laptop Count | V42: Correlation Between Storage And Discounted Price
A43: Gaming | B43: =COUNTIF('Amazon.com _ gaming laptops_dat'!$D$2:$D$60,A43) -> 28 | E43: NVIDIA GeForce RTX 5060 | F43: 4 | M43: 8 | N43: =COUNTIF('Amazon.com _ gaming laptops_dat'!$G$2:$G$60,M43) -> 4 | V43: =CORREL('Amazon.com _ gaming laptops_dat'!H:H,'Amazon.com _ gaming laptops_dat'!U:U) -> 0.68477871
A44: Normal Use | B44: =COUNTIF('Amazon.com _ gaming laptops_dat'!$D$2:$D$60,A44) -> 18 | E44: NVIDIA GeForce RTX 5070 | F44: 2 | M44: 12 | N44: =COUNTIF('Amazon.com _ gaming laptops_dat'!$G$2:$G$60,M44) -> 1
A45: Office / Business | B45: =COUNTIF('Amazon.com _ gaming laptops_dat'!$D$2:$D$60,A45) -> 12 | E45: NVIDIA GeForce RTX 5080 | F45: 2 | M45: 16 | N45: =COUNTIF('Amazon.com _ gaming laptops_dat'!$G$2:$G$60,M45) -> 27
E46: Radeon RX Vega 8 Graphics | F46: 2 | M46: 24 | N46: =COUNTIF('Amazon.com _ gaming laptops_dat'!$G$2:$G$60,M46) -> 7
E47: AMD Radeon Graphics | F47: 1 | M47: 32 | N47: =COUNTIF('Amazon.com _ gaming laptops_dat'!$G$2:$G$60,M47) -> 13
E48: GeForce RTX 5050 | F48: 1 | M48: 64 | N48: =COUNTIF('Amazon.com _ gaming laptops_dat'!$G$2:$G$60,M48) -> 1
E49: GeForce RTX 5070 Ti | F49: 1 | M49: Most common | N49: =INDEX(M43:M48,MATCH(MAX(N43:N48),N43:N48,0))&" GB" -> 16 GB
E50: NVIDIA GeForce RTX 4050 | F50: 1
E51: NVIDIA GeForce RTX 5070 Ti | F51: 1
E52: NVIDIA GeForce RTX 5090 | F52: 1
A68: Average Discounted Price by Category | V68: Correlation Between Ratings & Discounted Percentage
A69: Laptop Category | B69: Average Discounted Price (PKR) | V69: =CORREL('Amazon.com _ gaming laptops_dat'!S:S,'Amazon.com _ gaming laptops_dat'!W:W) -> 0.1416187
A70: Gaming | B70: =AVERAGEIF('Amazon.com _ gaming laptops_dat'!$D$2:$D$59,A70,'Amazon.com _ gaming laptops_dat'!$U$2:$U$59) -> 608827.26
A71: Normal Use | B71: =AVERAGEIF('Amazon.com _ gaming laptops_dat'!$D$2:$D$59,A71,'Amazon.com _ gaming laptops_dat'!$U$2:$U$59) -> 307663.94
A72: Office / Business | B72: =AVERAGEIF('Amazon.com _ gaming laptops_dat'!$D$2:$D$59,A72,'Amazon.com _ gaming laptops_dat'!$U$2:$U$59) -> 216586.39
